-0.014336,-1.999994,-0.000003,0.000228,0.00788
-0.014375,-1.999994,-0.000003,0.000229,0.00788
-0.014414,-1.999994,-0.000003,0.000229,0.00788
-0.014456,-1.999993,-0.000003,0.000229,0.00788
-0.014493,-1.999993,-0.000003,0.000229,0.00788
-0.014532,-1.999993,-0.000003,0.000229,0.00788
-0.014571,-1.999993,-0.000003,0.000229,0.00788
-0.01461,-1.999993,-0.000004,0.000229,0.00788
-0.01465,-1.999993,-0.000004,0.00023,0.00788
-0.014689,-1.999993,-0.000004,0.00023,0.00788
-0.014729,-1.999993,-0.000004,0.00023,0.00788
-0.014768,-1.999993,-0.000004,0.00023,0.00788
-0.014807,-1.999993,-0.000004,0.00023,0.00788
-0.014846,-1.999993,-0.000004,0.00023,0.00788
-0.014885,-1.999993,-0.000004,0.00023,0.00788
-0.014924,-1.999993,-0.000004,0.00023,0.00788
-0.014963,-1.999993,-0.000004,0.000231,0.00788
-0.015002,-1.999993,-0.000004,0.000231,0.00788
-0.015041,-1.999993,-0.000004,0.000231,0.00788
-0.01508,-1.999993,-0.000004,0.000231,0.00788
-0.015119,-1.999993,-0.000004,0.000231,0.00788
-0.015158,-1.999993,-0.000004,0.000231,0.00788
-0.015197,-1.999993,-0.000004,0.000231,0.00788
-0.015236,-1.999993,-0.000004,0.000231,0.00788
-0.015276,-1.999993,-0.000004,0.000232,0.00788
-0.015315,-1.999993,-0.000004,0.000232,0.00788
-0.015354,-1.999993,-0.000004,0.000232,0.00788
-0.015393,-1.999993,-0.000004,0.000232,0.00788
-0.015432,-1.999993,-0.000004,0.000232,0.00788
-0.015471,-1.999993,-0.000004,0.000232,0.00788
-0.01551,-1.999993,-0.000004,0.000232,0.00788
-0.015549,-1.999993,-0.000004,0.000232,0.00788
-0.015588,-1.999993,-0.000004,0.000233,0.00788
-0.015627,-1.999993,-0.000004,0.000233,0.00788
-0.015666,-1.999993,-0.000004,0.000233,0.00788
-0.015705,-1.999993,-0.000004,0.000233,0.00788
-0.015744,-1.999993,-0.000004,0.000233,0.00788
-0.015783,-1.999993,-0.000004,0.000233,0.00788
-0.015822,-1.999993,-0.000004,0.000233,0.00788
-0.015861,-1.999993,-0.000004,0.000233,0.00788
-0.0159,-1.999993,-0.000004,0.000233,0.00788
-0.015939,-1.999993,-0.000004,0.000234,0.00788
-0.015978,-1.999993,-0.000004,0.000234,0.00788
-0.016018,-1.999993,-0.000004,0.000234,0.00788
-0.016056,-1.999993,-0.000004,0.000234,0.00788
-0.016095,-1.999993,-0.000004,0.000234,0.00788
-0.016134,-1.999993,-0.000004,0.000234,0.00788
-0.016173,-1.999993,-0.000004,0.000234,0.00788
-0.016212,-1.999993,-0.000004,0.000234,0.00788
-0.016251,-1.999993,-0.000004,0.000234,0.00788
-0.01629,-1.999993,-0.000004,0.000234,0.00788
-0.016328,-1.999993,-0.000004,0.000235,0.00788
-0.016367,-1.999993,-0.000004,0.000235,0.00788
-0.016406,-1.999993,-0.000004,0.000235,0.00788
-0.016446,-1.999993,-0.000004,0.000235,0.00788
-0.016484,-1.999993,-0.000004,0.000235,0.00788
-0.016523,-1.999993,-0.000004,0.000235,0.00788
-0.016562,-1.999993,-0.000004,0.000235,0.00788
-0.016601,-1.999993,-0.000004,0.000235,0.00788
-0.01664,-1.999993,-0.000004,0.000235,0.00788
-0.016679,-1.999993,-0.000004,0.000236,0.00788
-0.016717,-1.999993,-0.000004,0.000236,0.00788
-0.016756,-1.999993,-0.000004,0.000236,0.00788
-0.016795,-1.999993,-0.000004,0.000236,0.00788
-0.016834,-1.999992,-0.000004,0.000236,0.00788
-0.016873,-1.999992,-0.000004,0.000236,0.00788
-0.016912,-1.999992,-0.000004,0.000236,0.00788
-0.016951,-1.999992,-0.000004,0.000236,0.00788
-0.016989,-1.999992,-0.000004,0.000236,0.00788
-0.017028,-1.999992,-0.000004,0.000236,0.00788
-0.017067,-1.999992,-0.000004,0.000236,0.00788
-0.017106,-1.999992,-0.000004,0.000237,0.00788
-0.017145,-1.999992,-0.000004,0.000237,0.00788
-0.017184,-1.999992,-0.000004,0.000237,0.00788
-0.017222,-1.999992,-0.000004,0.000237,0.00788
-0.017261,-1.999992,-0.000004,0.000237,0.00788
-0.0173,-1.999992,-0.000004,0.000237,0.00788
-0.017339,-1.999992,-0.000004,0.000237,0.00788
-0.017378,-1.999992,-0.000004,0.000237,0.00788
-0.017416,-1.999992,-0.000004,0.000237,0.00788
-0.017456,-1.999992,-0.000004,0.000237,0.00788
-0.017495,-1.999992,-0.000004,0.000237,0.00788
-0.017534,-1.999992,-0.000004,0.000238,0.00788
-0.017572,-1.999992,-0.000004,0.000238,0.00788
-0.01761,-1.999992,-0.000004,0.000238,0.00788
-0.017649,-1.999992,-0.000004,0.000238,0.00788
-0.017688,-1.999992,-0.000004,0.000238,0.00788
-0.017727,-1.999992,-0.000004,0.000238,0.00788
-0.017765,-1.999992,-0.000004,0.000238,0.00788
-0.017804,-1.999992,-0.000004,0.000238,0.00788
-0.017843,-1.999992,-0.000004,0.000238,0.00788
-0.017882,-1.999992,-0.000004,0.000238,0.00788
-0.01792,-1.999992,-0.000004,0.000238,0.00788
-0.017959,-1.999992,-0.000004,0.000238,0.00788
-0.017998,-1.999992,-0.000004,0.000239,0.00788
-0.018037,-1.999992,-0.000004,0.000239,0.00788
-0.018076,-1.999992,-0.000004,0.000239,0.00788
-0.018114,-1.999992,-0.000004,0.000239,0.00788
-0.018153,-1.999992,-0.000004,0.000239,0.00788
-0.018191,-1.999992,-0.000004,0.000239,0.00788
-0.018231,-1.999992,-0.000004,-0.000774,0.000774
-0.01827,-1.999992,-0.000004,0.000239,0.00788
-0.018308,-1.999992,-0.000004,0.000239,0.00788
-0.018347,-1.999992,-0.000004,0.000239,0.00788
-0.018386,-1.999992,-0.000004,0.000239,0.00788
-0.018424,-1.999992,-0.000004,0.000239,0.00788
-0.018462,-1.999992,-0.000004,0.000239,0.00788
-0.018501,-1.999992,-0.000004,0.00024,0.00788
-0.01854,-1.999992,-0.000004,0.00024,0.00788
-0.018578,-1.999992,-0.000004,0.00024,0.00788
-0.018617,-1.999992,-0.000004,0.00024,0.00788
-0.018656,-1.999992,-0.000004,0.00024,0.00788
-0.018695,-1.999992,-0.000004,0.00024,0.00788
-0.018735,-1.999992,-0.000004,0.00024,0.00788
-0.018772,-1.999992,-0.000004,0.00024,0.00788
-0.01881,-1.999992,-0.000004,0.00024,0.00788
-0.018849,-1.999992,-0.000004,0.00024,0.00788
-0.018888,-1.999992,-0.000004,0.00024,0.00788
-0.018926,-1.999992,-0.000004,0.00024,0.00788
-0.018965,-1.999992,-0.000004,0.00024,0.00788
-0.019003,-1.999992,-0.000004,0.00024,0.00788
-0.019042,-1.999992,-0.000005,0.00024,0.00788
-0.019081,-1.999992,-0.000005,0.000241,0.00788
-0.019119,-1.999992,-0.000005,0.000241,0.00788
-0.019158,-1.999992,-0.000005,0.000241,0.00788
-0.019197,-1.999992,-0.000005,0.000241,0.00788
-0.019237,-1.999991,-0.000005,0.000241,0.00788
-0.019275,-1.999991,-0.000005,0.000241,0.00788
-0.019312,-1.999991,-0.000005,0.000241,0.00788
-0.019351,-1.999991,-0.000005,0.000241,0.00788
-0.01939,-1.999991,-0.000005,0.000241,0.00788
-0.019428,-1.999991,-0.000005,0.000241,0.00788
-0.019467,-1.999991,-0.000005,0.000241,0.00788
-0.019505,-1.999991,-0.000005,0.000241,0.00788
-0.019544,-1.999991,-0.000005,0.000241,0.00788
-0.019583,-1.999991,-0.000005,0.000241,0.00788
-0.019623,-1.999991,-0.000005,0.000241,0.00788
-0.01966,-1.999991,-0.000005,0.000242,0.00788
-0.019698,-1.999991,-0.000005,0.000242,0.00788
-0.019737,-1.999991,-0.000005,0.000242,0.00788
-0.019775,-1.999991,-0.000005,0.000242,0.00788
-0.019814,-1.999991,-0.000005,0.000242,0.00788
-0.019853,-1.999991,-0.000005,0.000242,0.00788
-0.019891,-1.999991,-0.000005,0.000242,0.00788
-0.01993,-1.999991,-0.000005,0.000242,0.00788
-0.019969,-1.999991,-0.000005,0.000242,0.00788
-0.020007,-1.999991,-0.000005,0.000242,0.00788
-0.020045,-1.999991,-0.000005,0.000242,0.00788
-0.020084,-1.999991,-0.000005,0.000242,0.00788
-0.020122,-1.999991,-0.000005,0.000242,0.00788
-0.020161,-1.999991,-0.000005,0.000242,0.00788
-0.0202,-1.999991,-0.000005,0.000242,0.00788
-0.020238,-1.999991,-0.000005,0.000242,0.00788
-0.020277,-1.999991,-0.000005,0.000242,0.00788
-0.020315,-1.999991,-0.000005,0.000242,0.00788
-0.020354,-1.999991,-0.000005,0.000243,0.00788
-0.020392,-1.999991,-0.000005,0.000243,0.00788
-0.020431,-1.999991,-0.000005,0.000243,0.00788
-0.020469,-1.999991,-0.000005,0.000243,0.00788
-0.020508,-1.999991,-0.000005,0.000243,0.00788
-0.020546,-1.999991,-0.000005,0.000243,0.00788
-0.020585,-1.999991,-0.000005,0.000243,0.00788
-0.020623,-1.999991,-0.000005,0.000243,0.00788
-0.020663,-1.999991,-0.000005,0.000243,0.00788
-0.020701,-1.999991,-0.000005,0.000243,0.00788
-0.020739,-1.999991,-0.000005,0.000243,0.00788
-0.020777,-1.999991,-0.000005,0.000243,0.00788
-0.020816,-1.999991,-0.000005,0.000243,0.00788
-0.020854,-1.999991,-0.000005,0.000243,0.00788
-0.020893,-1.999991,-0.000005,0.000243,0.00788
-0.020931,-1.999991,-0.000005,0.000243,0.00788
-0.02097,-1.999991,-0.000005,0.000243,0.00788
-0.021009,-1.999991,-0.000005,0.000243,0.00788
-0.021047,-1.999991,-0.000005,0.000243,0.00788
-0.021085,-1.999991,-0.000005,0.000244,0.00788
-0.021124,-1.999991,-0.000005,0.000244,0.00788
-0.021162,-1.999991,-0.000005,0.000244,0.00788
-0.021201,-1.999991,-0.000005,0.000244,0.00788
-0.021239,-1.999991,-0.000005,0.000244,0.00788
-0.021278,-1.999991,-0.000005,0.000244,0.00788
-0.021317,-1.999991,-0.000005,0.000244,0.00788
-0.021355,-1.999991,-0.000005,0.000244,0.00788
-0.021394,-1.999991,-0.000005,0.000244,0.00788
-0.021432,-1.999991,-0.000005,0.000244,0.00788
-0.021471,-1.999991,-0.000005,0.000244,0.00788
-0.021508,-1.999991,-0.000005,0.000244,0.00788
-0.021547,-1.999991,-0.000005,0.000244,0.00788
-0.021585,-1.99999,-0.000005,0.000244,0.00788
-0.021624,-1.99999,-0.000005,0.000244,0.00788
-0.021662,-1.99999,-0.000005,0.000244,0.007881
-0.021701,-1.99999,-0.000005,0.000244,0.007881
-0.021741,-1.99999,-0.000005,0.000244,0.007881
-0.021778,-1.99999,-0.000005,0.000244,0.007881
-0.021817,-1.99999,-0.000005,0.000244,0.007881
-0.021855,-1.99999,-0.000005,0.000244,0.007881
-0.021893,-1.99999,-0.000005,0.000244,0.007881
-0.021931,-1.99999,-0.000005,0.000245,0.007881
-0.02197,-1.99999,-0.000005,0.000245,0.007881
-0.022009,-1.99999,-0.000005,0.000245,0.007881
-0.022046,-1.99999,-0.000005,0.000245,0.007881
-0.022085,-1.99999,-0.000005,0.000245,0.007881
-0.022123,-1.99999,-0.000005,0.000245,0.007881
-0.022162,-1.99999,-0.000005,0.000245,0.007881
-0.0222,-1.99999,-0.000005,0.000245,0.007881
-0.022239,-1.99999,-0.000005,0.000245,0.007881
-0.022276,-1.99999,-0.000005,0.000245,0.007881
-0.022315,-1.99999,-0.000005,0.000245,0.007881
-0.022354,-1.99999,-0.000005,0.000245,0.007881
-0.022392,-1.99999,-0.000005,0.000245,0.007881
-0.022431,-1.99999,-0.000005,0.000245,0.007881
-0.022469,-1.99999,-0.000005,0.000245,0.007881
-0.022507,-1.99999,-0.000005,0.000245,0.007881
-0.022546,-1.99999,-0.000005,0.000245,0.007881
-0.022584,-1.99999,-0.000005,0.000245,0.007881
-0.022623,-1.99999,-0.000005,0.000245,0.007881
-0.022661,-1.99999,-0.000005,0.000245,0.007881
-0.022699,-1.99999,-0.000005,0.000245,0.007881
-0.022738,-1.99999,-0.000005,0.000245,0.007881
-0.022776,-1.99999,-0.000005,0.000245,0.007881
-0.022814,-1.99999,-0.000005,0.000245,0.007881
-0.022853,-1.99999,-0.000005,0.000245,0.007881
-0.022891,-1.99999,-0.000005,0.000245,0.007881
-0.02293,-1.99999,-0.000005,0.000246,0.007881
-0.022968,-1.99999,-0.000005,0.000246,0.007881
-0.023006,-1.99999,-0.000005,0.000246,0.007881
-0.023045,-1.99999,-0.000005,0.000246,0.007881
-0.023083,-1.99999,-0.000005,0.000246,0.007881
-0.023122,-1.99999,-0.000005,0.000246,0.007881
-0.02316,-1.99999,-0.000005,0.000246,0.007881
-0.023198,-1.99999,-0.000005,0.000246,0.007881
-0.023237,-1.99999,-0.000005,0.000246,0.007881
-0.023276,-1.99999,-0.000005,0.000246,0.007881
-0.023314,-1.99999,-0.000005,0.000246,0.007881
-0.023352,-1.99999,-0.000005,-0.000767,0.000767
-0.023391,-1.99999,-0.000005,0.000246,0.007881
-0.023429,-1.99999,-0.000006,0.000246,0.007881
-0.023467,-1.99999,-0.000006,0.000246,0.007881
-0.023505,-1.99999,-0.000006,0.000246,0.007881
-0.023543,-1.99999,-0.000006,0.000246,0.007881
-0.023582,-1.99999,-0.000006,0.000246,0.007881
-0.02362,-1.99999,-0.000006,0.000246,0.007881
-0.023659,-1.99999,-0.000006,0.000246,0.007881
-0.023697,-1.99999,-0.000006,0.000246,0.007881
-0.023736,-1.99999,-0.000006,0.000246,0.007881
-0.023774,-1.99999,-0.000006,0.000246,0.007881
-0.023812,-1.99999,-0.000006,0.000246,0.007881
-0.02385,-1.99999,-0.000006,0.000246,0.007881
-0.023889,-1.99999,-0.000006,0.000246,0.007881
-0.023927,-1.999989,-0.000006,0.000246,0.007881
-0.023965,-1.999989,-0.000006,0.000246,0.007881
-0.024004,-1.999989,-0.000006,0.000246,0.007881
-0.024043,-1.999989,-0.000006,0.000246,0.007881
-0.024081,-1.999989,-0.000006,0.000247,0.007881
-0.024119,-1.999989,-0.000006,0.000247,0.007881
-0.024158,-1.999989,-0.000006,0.000247,0.007881
-0.024196,-1.999989,-0.000006,0.000247,0.007881
-0.024234,-1.999989,-0.000006,0.000247,0.007881
-0.024272,-1.999989,-0.000006,0.000247,0.007881
-0.02431,-1.999989,-0.000006,0.000247,0.007881
-0.024348,-1.999989,-0.000006,0.000247,0.007881
-0.024388,-1.999989,-0.000006,0.000247,0.007881
-0.024426,-1.999989,-0.000006,0.000247,0.007881
-0.024464,-1.999989,-0.000006,0.000247,0.007881
-0.024502,-1.999989,-0.000006,0.000247,0.007881
-0.024541,-1.999989,-0.000006,0.000247,0.007881
-0.024578,-1.999989,-0.000006,0.000247,0.007881
-0.024617,-1.999989,-0.000006,0.000247,0.007881
-0.024655,-1.999989,-0.000006,0.000247,0.007881
-0.024693,-1.999989,-0.000006,0.000247,0.007881
-0.024732,-1.999989,-0.000006,0.000247,0.007881
-0.02477,-1.999989,-0.000006,0.000247,0.007881
-0.024808,-1.999989,-0.000006,0.000247,0.007881
-0.024846,-1.999989,-0.000006,0.000247,0.007881
-0.024885,-1.999989,-0.000006,0.000247,0.007881
-0.024923,-1.999989,-0.000006,0.000247,0.007881
-0.024963,-1.999989,-0.000006,0.000247,0.007881
-0.025,-1.999989,-0.000006,0.000247,0.007881
-0.025038,-1.999989,-0.000006,0.000247,0.007881
-0.025076,-1.999989,-0.000006,0.000247,0.007881
-0.025115,-1.999989,-0.000006,0.000247,0.007881
-0.025153,-1.999989,-0.000006,0.000247,0.007881
-0.025191,-1.999989,-0.000006,0.000247,0.007881
-0.025229,-1.999989,-0.000006,0.000247,0.007881
-0.025268,-1.999989,-0.000006,0.000247,0.007881
-0.025306,-1.999989,-0.000006,0.000247,0.007881
-0.025344,-1.999989,-0.000006,0.000247,0.007881
-0.025383,-1.999989,-0.000006,0.000247,0.007881
-0.025421,-1.999989,-0.000006,0.000247,0.007881
-0.025459,-1.999989,-0.000006,0.000247,0.007881
-0.025497,-1.999989,-0.000006,0.000247,0.007881
-0.025536,-1.999989,-0.000006,0.000248,0.007881
-0.025574,-1.999989,-0.000006,0.000248,0.007881
-0.025612,-1.999989,-0.000006,0.000248,0.007881
-0.025651,-1.999989,-0.000006,0.000248,0.007881
-0.02569,-1.999989,-0.000006,0.000248,0.007881
-0.025727,-1.999989,-0.000006,0.000248,0.007881
-0.025765,-1.999989,-0.000006,0.000248,0.007881
-0.025804,-1.999989,-0.000006,0.000248,0.007881
-0.025842,-1.999989,-0.000006,0.000248,0.007881
-0.02588,-1.999989,-0.000006,0.000248,0.007881
-0.025919,-1.999989,-0.000006,0.000248,0.007881
-0.025957,-1.999989,-0.000006,0.000248,0.007881
-0.025996,-1.999989,-0.000006,0.000248,0.007881
-0.026034,-1.999989,-0.000006,0.000248,0.007881
-0.026072,-1.999989,-0.000006,0.000248,0.007881
-0.026111,-1.999989,-0.000006,0.000248,0.007881
-0.026148,-1.999989,-0.000006,0.000248,0.007881
-0.026186,-1.999989,-0.000006,0.000248,0.007881
-0.026225,-1.999989,-0.000006,0.000248,0.007881
-0.026263,-1.999988,-0.000006,0.000248,0.007881
-0.026301,-1.999988,-0.000006,0.000248,0.007881
-0.026339,-1.999988,-0.000006,0.000248,0.007881
-0.026378,-1.999988,-0.000006,0.000248,0.007881
-0.026417,-1.999988,-0.000006,0.000248,0.007881
-0.026455,-1.999988,-0.000006,0.000248,0.007881
-0.026492,-1.999988,-0.000006,0.000248,0.007881
-0.026531,-1.999988,-0.000006,0.000248,0.007881
-0.026569,-1.999988,-0.000006,0.000248,0.007881
-0.026607,-1.999988,-0.000006,0.000248,0.007881
-0.026645,-1.999988,-0.000006,0.000248,0.007881
-0.026684,-1.999988,-0.000006,0.000248,0.007881
-0.026722,-1.999988,-0.000006,0.000248,0.007881
-0.026765,-1.999988,-0.000006,0.000248,0.007881
-0.026799,-1.999988,-0.000006,0.000248,0.007881
-0.026837,-1.999988,-0.000006,0.000248,0.007881
-0.026876,-1.999988,-0.000006,0.000248,0.007881
-0.026913,-1.999988,-0.000006,0.000248,0.007881
-0.026951,-1.999988,-0.000006,0.000248,0.007881
-0.026989,-1.999988,-0.000006,0.000248,0.007881
-0.027028,-1.999988,-0.000006,0.000248,0.007881
-0.027066,-1.999988,-0.000006,0.000248,0.007881
-0.027104,-1.999988,-0.000006,0.000248,0.007881
-0.027142,-1.999988,-0.000006,0.000248,0.007881
-0.027181,-1.999988,-0.000006,0.000248,0.007881
-0.02722,-1.999988,-0.000006,0.000248,0.007881
-0.027257,-1.999988,-0.000006,0.000248,0.007881
-0.027295,-1.999988,-0.000006,0.000248,0.007881
-0.027334,-1.999988,-0.000006,0.000248,0.007881
-0.027372,-1.999988,-0.000006,0.000248,0.007881
-0.02741,-1.999988,-0.000006,0.000249,0.007881
-0.027448,-1.999988,-0.000006,0.000249,0.007881
-0.027486,-1.999988,-0.000006,0.000249,0.007881
-0.027525,-1.999988,-0.000006,0.000249,0.007881
-0.027563,-1.999988,-0.000006,0.000249,0.007881
-0.027601,-1.999988,-0.000006,0.000249,0.007881
-0.027639,-1.999988,-0.000006,0.000249,0.007881
-0.027678,-1.999988,-0.000006,0.000249,0.007881
-0.027716,-1.999988,-0.000006,0.000249,0.007881
-0.027754,-1.999988,-0.000006,0.000249,0.007881
-0.027792,-1.999988,-0.000007,0.000249,0.007881
-0.027831,-1.999988,-0.000007,0.000249,0.007881
-0.027869,-1.999988,-0.000007,0.000249,0.007881
-0.027907,-1.999988,-0.000007,0.000249,0.007881
-0.027945,-1.999988,-0.000007,0.000249,0.007881
-0.027983,-1.999988,-0.000007,0.000249,0.007881
-0.028022,-1.999988,-0.000007,0.000249,0.007881
-0.02806,-1.999988,-0.000007,0.000249,0.007881
-0.028098,-1.999988,-0.000007,0.000249,0.007881
-0.028136,-1.999988,-0.000007,0.000249,0.007881
-0.028174,-1.999988,-0.000007,0.000249,0.007881
-0.028213,-1.999988,-0.000007,0.000249,0.007881
-0.028251,-1.999988,-0.000007,0.000249,0.007881
-0.028289,-1.999988,-0.000007,0.000249,0.007881
-0.028327,-1.999988,-0.000007,0.000249,0.007881
-0.028365,-1.999988,-0.000007,0.000249,0.007881
-0.028404,-1.999988,-0.000007,0.000249,0.007881
-0.028442,-1.999988,-0.000007,0.000249,0.007881
-0.02848,-1.999988,-0.000007,0.000249,0.007881
-0.028518,-1.999988,-0.000007,0.000249,0.007881
-0.028557,-1.999988,-0.000007,0.000249,0.007881
-0.028595,-1.999987,-0.000007,0.000249,0.007881
-0.028634,-1.999987,-0.000007,0.000249,0.007881
-0.028672,-1.999987,-0.000007,0.000249,0.007881
-0.02871,-1.999987,-0.000007,0.000249,0.007881
-0.028748,-1.999987,-0.000007,0.000249,0.007881
-0.028786,-1.999987,-0.000007,0.000249,0.007881
-0.028824,-1.999987,-0.000007,0.000249,0.007881
-0.028861,-1.999987,-0.000007,0.000249,0.007881
-0.0289,-1.999987,-0.000007,0.000249,0.007881
-0.028939,-1.999987,-0.000007,0.000249,0.007881
-0.028977,-1.999987,-0.000007,0.000249,0.007881
-0.029015,-1.999987,-0.000007,0.000249,0.007881
-0.029053,-1.999987,-0.000007,0.000249,0.007881
-0.029091,-1.999987,-0.000007,0.000249,0.007881
-0.02913,-1.999987,-0.000007,0.000249,0.007881
-0.029168,-1.999987,-0.000007,0.000249,0.007881
-0.029206,-1.999987,-0.000007,0.000249,0.007881
-0.029244,-1.999987,-0.000007,0.000249,0.007881
-0.029282,-1.999987,-0.000007,0.000249,0.007881
-0.02932,-1.999987,-0.000007,0.000249,0.007881
-0.029359,-1.999987,-0.000007,0.000249,0.007881
-0.029397,-1.999987,-0.000007,0.000249,0.007881
-0.029436,-1.999987,-0.000007,0.000249,0.007881
-0.029476,-1.999987,-0.000007,0.000249,0.007881
-0.029511,-1.999987,-0.000007,0.000249,0.007881
-0.02955,-1.999987,-0.000007,0.000249,0.007881
-0.029588,-1.999987,-0.000007,0.000249,0.007881
-0.029626,-1.999987,-0.000007,0.000249,0.007881
-0.029664,-1.999987,-0.000007,0.000249,0.007881
-0.029702,-1.999987,-0.000007,0.000249,0.007881
-0.029741,-1.999987,-0.000007,0.000249,0.007881
-0.029779,-1.999987,-0.000007,0.000249,0.007881
-0.029817,-1.999987,-0.000007,0.000249,0.007881
-0.029855,-1.999987,-0.000007,0.000249,0.007881
-0.029893,-1.999987,-0.000007,0.000249,0.007881
-0.029931,-1.999987,-0.000007,0.000249,0.007881
-0.02997,-1.999987,-0.000007,0.000249,0.007881
-0.030008,-1.999987,-0.000007,0.000249,0.007881
-0.030046,-1.999987,-0.000007,0.000249,0.007881
-0.030084,-1.999987,-0.000007,0.000249,0.007881
-0.030122,-1.999987,-0.000007,0.00025,0.007881
-0.030161,-1.999987,-0.000007,0.00025,0.007881
-0.030199,-1.999987,-0.000007,0.00025,0.007881
-0.030238,-1.999987,-0.000007,0.00025,0.007881
-0.030275,-1.999987,-0.000007,0.00025,0.007881
-0.030313,-1.999987,-0.000007,0.00025,0.007881
-0.030351,-1.999987,-0.000007,0.00025,0.007881
-0.03039,-1.999987,-0.000007,0.00025,0.007881
-0.030428,-1.999987,-0.000007,0.00025,0.007881
-0.030466,-1.999987,-0.000007,0.00025,0.007881
-0.030504,-1.999987,-0.000007,0.00025,0.007881
-0.030542,-1.999987,-0.000007,0.00025,0.007881
-0.03058,-1.999987,-0.000007,0.00025,0.007881
-0.030619,-1.999987,-0.000007,0.00025,0.007881
-0.030657,-1.999987,-0.000007,0.00025,0.007881
-0.030695,-1.999987,-0.000007,0.00025,0.007881
-0.030733,-1.999987,-0.000007,0.00025,0.007881
-0.030771,-1.999987,-0.000007,0.00025,0.007881
-0.030809,-1.999987,-0.000007,0.00025,0.007881
-0.030848,-1.999987,-0.000007,0.00025,0.007881
-0.030886,-1.999987,-0.000007,0.00025,0.007881
-0.030925,-1.999986,-0.000007,0.00025,0.007881
-0.030963,-1.999986,-0.000007,0.00025,0.007881
-0.031001,-1.999986,-0.000007,0.00025,0.007881
-0.031039,-1.999986,-0.000007,0.00025,0.007881
-0.031077,-1.999986,-0.000007,0.00025,0.007881
-0.031115,-1.999986,-0.000007,0.00025,0.007881
-0.031153,-1.999986,-0.000007,0.00025,0.007881
-0.031191,-1.999986,-0.000007,0.00025,0.007881
-0.031229,-1.999986,-0.000007,0.00025,0.007881
-0.031268,-1.999986,-0.000007,0.00025,0.007881
-0.031306,-1.999986,-0.000007,0.00025,0.007881
-0.031345,-1.999986,-0.000007,0.00025,0.007881
-0.031383,-1.999986,-0.000007,0.00025,0.007881
-0.031421,-1.999986,-0.000007,0.00025,0.007881
-0.031459,-1.999986,-0.000007,0.00025,0.007881
-0.031496,-1.999986,-0.000007,0.00025,0.007881
-0.031535,-1.999986,-0.000007,0.00025,0.007881
-0.031573,-1.999986,-0.000007,0.00025,0.007881
-0.031611,-1.999986,-0.000007,0.00025,0.007881
-0.03165,-1.999986,-0.000007,0.00025,0.007881
-0.031688,-1.999986,-0.000007,0.00025,0.007881
-0.031726,-1.999986,-0.000007,0.00025,0.007881
-0.031764,-1.999986,-0.000007,0.00025,0.007881
-0.031802,-1.999986,-0.000007,0.00025,0.007881
-0.03184,-1.999986,-0.000007,0.00025,0.007881
-0.031878,-1.999986,-0.000007,0.00025,0.007881
-0.031916,-1.999986,-0.000007,0.00025,0.007881
-0.031954,-1.999986,-0.000007,0.00025,0.007881
-0.031993,-1.999986,-0.000007,0.00025,0.007881
-0.032031,-1.999986,-0.000007,0.00025,0.007881
-0.032069,-1.999986,-0.000007,0.00025,0.007881
-0.032107,-1.999986,-0.000007,0.00025,0.007881
-0.032145,-1.999986,-0.000007,0.00025,0.007881
-0.032183,-1.999986,-0.000008,0.00025,0.007881
-0.032221,-1.999986,-0.000008,0.00025,0.007881
-0.03226,-1.999986,-0.000008,0.00025,0.007881
-0.032298,-1.999986,-0.000008,0.00025,0.007881
-0.032336,-1.999986,-0.000008,0.00025,0.007881
-0.032374,-1.999986,-0.000008,0.00025,0.007881
-0.032412,-1.999986,-0.000008,0.00025,0.007881
-0.03245,-1.999986,-0.000008,0.00025,0.007881
-0.032488,-1.999986,-0.000008,0.00025,0.007881
-0.032527,-1.999986,-0.000008,0.00025,0.007881
-0.032565,-1.999986,-0.000008,0.00025,0.007881
-0.032603,-1.999986,-0.000008,0.00025,0.007881
-0.032641,-1.999986,-0.000008,0.00025,0.007881
-0.032679,-1.999986,-0.000008,0.00025,0.007881
-0.032717,-1.999986,-0.000008,0.00025,0.007881
-0.032756,-1.999986,-0.000008,0.00025,0.007881
-0.032794,-1.999986,-0.000008,0.00025,0.007881
-0.032832,-1.999986,-0.000008,0.00025,0.007881
-0.03287,-1.999986,-0.000008,0.00025,0.007881
-0.032908,-1.999986,-0.000008,0.00025,0.007881
-0.032946,-1.999986,-0.000008,0.00025,0.007881
-0.032984,-1.999986,-0.000008,0.00025,0.007881
-0.033023,-1.999986,-0.000008,0.00025,0.007881
-0.033061,-1.999986,-0.000008,0.00025,0.007881
-0.033099,-1.999986,-0.000008,0.00025,0.007881
-0.033137,-1.999986,-0.000008,0.00025,0.007881
-0.033175,-1.999986,-0.000008,0.00025,0.007881
-0.033213,-1.999986,-0.000008,0.00025,0.007881
-0.033251,-1.999985,-0.000008,0.00025,0.007881
-0.03329,-1.999985,-0.000008,0.00025,0.007881
-0.033328,-1.999985,-0.000008,0.00025,0.007881
-0.033366,-1.999985,-0.000008,0.00025,0.007881
-0.033404,-1.999985,-0.000008,0.00025,0.007881
-0.033442,-1.999985,-0.000008,0.00025,0.007881
-0.03348,-1.999985,-0.000008,0.00025,0.007881
-0.033518,-1.999985,-0.000008,0.00025,0.007881
-0.033557,-1.999985,-0.000008,0.00025,0.007881
-0.033595,-1.999985,-0.000008,0.00025,0.007881
-0.033633,-1.999985,-0.000008,0.00025,0.007881
-0.033671,-1.999985,-0.000008,0.00025,0.007881
-0.033709,-1.999985,-0.000008,0.00025,0.007881
-0.033747,-1.999985,-0.000008,0.00025,0.007881
-0.033785,-1.999985,-0.000008,0.00025,0.007881
-0.033824,-1.999985,-0.000008,0.00025,0.007881
-0.033862,-1.999985,-0.000008,0.00025,0.007881
-0.0339,-1.999985,-0.000008,0.00025,0.007881
-0.033939,-1.999985,-0.000008,0.00025,0.007881
-0.033976,-1.999985,-0.000008,0.00025,0.007881
-0.034014,-1.999985,-0.000008,0.00025,0.007881
-0.034052,-1.999985,-0.000008,0.00025,0.007881
-0.03409,-1.999985,-0.000008,0.00025,0.007881
-0.034129,-1.999985,-0.000008,0.00025,0.007881
-0.034167,-1.999985,-0.000008,0.00025,0.007881
-0.034205,-1.999985,-0.000008,0.00025,0.007881
-0.034243,-1.999985,-0.000008,0.00025,0.007881
-0.034281,-1.999985,-0.000008,0.00025,0.007881
-0.034319,-1.999985,-0.000008,0.00025,0.007881
-0.034357,-1.999985,-0.000008,0.00025,0.007881
-0.034396,-1.999985,-0.000008,0.00025,0.007881
-0.034434,-1.999985,-0.000008,0.00025,0.007881
-0.034472,-1.999985,-0.000008,0.00025,0.007881
-0.034511,-1.999985,-0.000008,0.00025,0.007881
-0.034548,-1.999985,-0.000008,0.00025,0.007881
-0.034586,-1.999985,-0.000008,0.00025,0.007881
-0.034624,-1.999985,-0.000008,0.00025,0.007881
-0.034663,-1.999985,-0.000008,0.00025,0.007881
-0.034701,-1.999985,-0.000008,0.00025,0.007881
-0.034739,-1.999985,-0.000008,0.00025,0.007881
-0.034777,-1.999985,-0.000008,0.00025,0.007881
-0.034815,-1.999985,-0.000008,0.00025,0.007881
-0.034853,-1.999985,-0.000008,0.00025,0.007881
-0.034891,-1.999985,-0.000008,0.00025,0.007881
-0.034929,-1.999985,-0.000008,0.00025,0.007881
-0.034968,-1.999985,-0.000008,0.00025,0.007881
-0.035006,-1.999985,-0.000008,0.00025,0.007881
-0.035044,-1.999985,-0.000008,0.00025,0.007881
-0.035082,-1.999985,-0.000008,0.00025,0.007881
-0.03512,-1.999985,-0.000008,0.00025,0.007881
-0.035158,-1.999985,-0.000008,0.000251,0.007881
-0.035196,-1.999985,-0.000008,0.000251,0.007881
-0.035235,-1.999985,-0.000008,0.000251,0.007881
-0.035273,-1.999985,-0.000008,0.000251,0.007881
-0.035311,-1.999985,-0.000008,0.000251,0.007881
-0.035349,-1.999985,-0.000008,0.000251,0.007881
-0.035387,-1.999985,-0.000008,0.000251,0.007881
-0.035425,-1.999985,-0.000008,0.000251,0.007881
-0.035463,-1.999985,-0.000008,0.000251,0.007881
-0.035502,-1.999985,-0.000008,0.000251,0.007881
-0.03554,-1.999984,-0.000008,0.000251,0.007881
-0.035578,-1.999984,-0.000008,0.000251,0.007881
-0.035616,-1.999984,-0.000008,0.000251,0.007881
-0.035654,-1.999984,-0.000008,0.000251,0.007881
-0.035692,-1.999984,-0.000008,0.000251,0.007881
-0.03573,-1.999984,-0.000008,0.000251,0.007881
-0.035768,-1.999984,-0.000008,0.000251,0.007881
-0.035806,-1.999984,-0.000008,0.000251,0.007881
-0.035844,-1.999984,-0.000008,0.000251,0.007881
-0.035883,-1.999984,-0.000008,0.000251,0.007881
-0.035921,-1.999984,-0.000008,0.000251,0.007881
-0.035959,-1.999984,-0.000008,0.000251,0.007881
-0.035997,-1.999984,-0.000008,0.000251,0.007881
-0.036035,-1.999984,-0.000008,0.000251,0.007881
-0.036073,-1.999984,-0.000008,0.000251,0.007881
-0.036111,-1.999984,-0.000008,0.000251,0.007881
-0.036149,-1.999984,-0.000008,0.000251,0.007881
-0.036188,-1.999984,-0.000008,0.000251,0.007881
-0.036226,-1.999984,-0.000008,0.000251,0.007881
-0.036264,-1.999984,-0.000008,0.000251,0.007881
-0.036303,-1.999984,-0.000008,0.000251,0.007881
-0.03634,-1.999984,-0.000008,0.000251,0.007881
-0.036378,-1.999984,-0.000008,0.000251,0.007881
-0.036416,-1.999984,-0.000008,0.000251,0.007881
-0.036454,-1.999984,-0.000008,0.000251,0.007881
-0.036493,-1.999984,-0.000008,0.000251,0.007881
-0.036531,-1.999984,-0.000009,0.000251,0.007881
-0.036569,-1.999984,-0.000009,0.000251,0.007881
-0.036608,-1.999984,-0.000009,0.000251,0.007881
-0.036645,-1.999984,-0.000009,0.000251,0.007881
-0.036684,-1.999984,-0.000009,0.000251,0.007881
-0.036721,-1.999984,-0.000009,-0.000762,0.000762
-0.03676,-1.999984,-0.000009,0.000251,0.007881
-0.036798,-1.999984,-0.000009,0.000251,0.007881
-0.036836,-1.999984,-0.000009,0.000251,0.007881
-0.036874,-1.999984,-0.000009,0.000251,0.007881
-0.036912,-1.999984,-0.000009,0.000251,0.007881
-0.03695,-1.999984,-0.000009,0.000251,0.007881
-0.036988,-1.999984,-0.000009,0.000251,0.007881
-0.037026,-1.999984,-0.000009,0.000251,0.007881
-0.037064,-1.999984,-0.000009,0.000251,0.007881
-0.037102,-1.999984,-0.000009,0.000251,0.007881
-0.037141,-1.999984,-0.000009,0.000251,0.007881
-0.037179,-1.999984,-0.000009,0.000251,0.007881
-0.037217,-1.999984,-0.000009,0.000251,0.007881
-0.037255,-1.999984,-0.000009,0.000251,0.007881
-0.037293,-1.999984,-0.000009,0.000251,0.007881
-0.037331,-1.999984,-0.000009,0.000251,0.007881
-0.037369,-1.999984,-0.000009,0.000251,0.007881
-0.037407,-1.999984,-0.000009,0.000251,0.007881
-0.037446,-1.999984,-0.000009,0.000251,0.007881
-0.037484,-1.999984,-0.000009,0.000251,0.007881
-0.037522,-1.999984,-0.000009,0.000251,0.007881
-0.03756,-1.999984,-0.000009,0.000251,0.007881
-0.037598,-1.999984,-0.000009,0.000251,0.007881
-0.037636,-1.999984,-0.000009,0.000251,0.007881
-0.037674,-1.999984,-0.000009,0.000251,0.007881
-0.037712,-1.999984,-0.000009,0.000251,0.007881
-0.03775,-1.999984,-0.000009,0.000251,0.007881
-0.037789,-1.999984,-0.000009,0.000251,0.007881
-0.037827,-1.999984,-0.000009,0.000251,0.007881
-0.037865,-1.999983,-0.000009,0.000251,0.007881
-0.037903,-1.999983,-0.000009,0.000251,0.007881
-0.037941,-1.999983,-0.000009,0.000251,0.007881
-0.037979,-1.999983,-0.000009,0.000251,0.007881
-0.038017,-1.999983,-0.000009,0.000251,0.007881
-0.038055,-1.999983,-0.000009,0.000251,0.007881
-0.038093,-1.999983,-0.000009,0.000251,0.007881
-0.038132,-1.999983,-0.000009,0.000251,0.007881
-0.03817,-1.999983,-0.000009,0.000251,0.007881
-0.038208,-1.999983,-0.000009,0.000251,0.007881
-0.038246,-1.999983,-0.000009,0.000251,0.007881
-0.038284,-1.999983,-0.000009,0.000251,0.007881
-0.038322,-1.999983,-0.000009,0.000251,0.007881
-0.03836,-1.999983,-0.000009,0.000251,0.007881
-0.038398,-1.999983,-0.000009,0.000251,0.007881
-0.038436,-1.999983,-0.000009,0.000251,0.007881
-0.038475,-1.999983,-0.000009,0.000251,0.007881
-0.038513,-1.999983,-0.000009,0.000251,0.007881
-0.038551,-1.999983,-0.000009,0.000251,0.007881
-0.038589,-1.999983,-0.000009,0.000251,0.007881
-0.038628,-1.999983,-0.000009,0.000251,0.007881
-0.038666,-1.999983,-0.000009,0.000251,0.007881
-0.038703,-1.999983,-0.000009,0.000251,0.007881
-0.038741,-1.999983,-0.000009,0.000251,0.007881
-0.038779,-1.999983,-0.000009,0.000251,0.007881
-0.038818,-1.999983,-0.000009,0.000251,0.007881
-0.038856,-1.999983,-0.000009,0.000251,0.007881
-0.038895,-1.999983,-0.000009,0.000251,0.007881
-0.038932,-1.999983,-0.000009,0.000251,0.007881
-0.038971,-1.999983,-0.000009,0.000251,0.007881
-0.039009,-1.999983,-0.000009,0.000251,0.007881
-0.039047,-1.999983,-0.000009,0.000251,0.007881
-0.039084,-1.999983,-0.000009,0.000251,0.007881
-0.039122,-1.999983,-0.000009,0.000251,0.007881
-0.039161,-1.999983,-0.000009,0.000251,0.007881
-0.039199,-1.999983,-0.000009,0.000251,0.007881
-0.039237,-1.999983,-0.000009,0.000251,0.007881
-0.039275,-1.999983,-0.000009,0.000251,0.007881
-0.039313,-1.999983,-0.000009,0.000251,0.007881
-0.039352,-1.999983,-0.000009,0.000251,0.007881
-0.038757,-1.999983,-0.000009,0.032579,0.03376
-0.03541,-1.999983,-0.000009,0.112332,0.112739
-0.027063,-1.999983,-0.000009,0.225264,0.225487
-0.012847,-1.999983,-0.000009,0.346311,0.346458
0.00787,-1.999983,-0.000009,0.485542,0.485655
0.035641,-1.999983,-0.000009,0.626549,0.626635
0.070376,-1.999984,-0.000009,0.764633,0.764704
0.11205,-1.999984,-0.000009,0.905163,0.905223
0.160758,-1.999984,-0.000009,1.044608,1.044659
0.216359,-1.999985,-0.000009,1.180627,1.180673
0.279968,-1.999986,-0.000009,1.314994,1.315034
0.347436,-1.999986,-0.000009,1.440061,1.440097
0.4225,-1.999987,-0.00001,1.563734,1.563767
0.503536,-1.999988,-0.00001,1.67659,1.676619
0.589973,-1.999988,-0.00001,1.782225,1.782252
0.681608,-1.999989,-0.00001,1.884562,1.884587
0.778279,-1.99999,-0.00001,1.983704,1.983727
0.87983,-1.999991,-0.00001,2.079751,2.079773
0.986108,-1.999992,-0.00001,2.172798,2.172819
1.096965,-1.999993,-0.00001,2.262941,2.262961
1.212259,-1.999995,-0.000011,2.35027,2.350288
1.33185,-1.999996,-0.000011,2.434871,2.434889
1.455605,-1.999997,-0.000011,2.516832,2.516849
1.583382,-1.999999,-0.000011,2.595549,2.595565
1.715018,-2,-0.000012,2.671444,2.67146
1.850345,-2.000002,-0.000012,2.742281,2.742296
1.989031,-2.000003,-0.000013,2.806759,2.806773
2.13086,-2.000005,-0.000013,2.867402,2.867416
2.275566,-2.000007,-0.000014,2.922482,2.922495
2.422981,-2.000009,-0.000015,2.975813,2.975826
2.572987,-2.000012,-0.000015,3.026121,3.026134
2.725468,-2.000014,-0.000016,3.074844,3.074856
2.880347,-2.000017,-0.000017,3.122046,3.122058
3.037549,-2.000019,-0.000018,3.167774,3.167785
3.197002,-2.000022,-0.000019,3.212074,3.212085
3.358638,-2.000032,-0.000107,3.256843,3.256867
3.522375,-2.000151,-0.0011,3.296584,3.296619
3.687934,-2.000576,-0.003979,3.332011,3.332079
3.855308,-2.00161,-0.008211,3.367999,3.368164
4.024488,-2.003354,-0.012289,3.403356,3.403672
4.195436,-2.005752,-0.015687,3.438944,3.439415
4.368167,-2.008587,-0.017548,3.472239,3.472799
4.556514,-2.01182,-0.017098,3.506286,3.506746
4.711611,-2.01441,-0.015922,3.538099,3.538579
4.896222,-2.017158,-0.01387,3.561666,3.562019
5.074572,-2.019478,-0.012178,3.573515,3.573789
5.253432,-2.021546,-0.011401,3.581199,3.581455
5.432749,-2.023722,-0.011784,3.594821,3.595052
5.612728,-2.025794,-0.011112,3.609186,3.609398
5.793428,-2.027762,-0.010742,3.623298,3.623511
5.978514,-2.029673,-0.010438,3.637774,3.638005
6.160796,-2.031516,-0.010428,3.651867,3.65216
6.343333,-2.033586,-0.011519,3.65606,3.65624
6.522697,-2.035613,-0.01137,3.666745,3.666999
6.706217,-2.037731,-0.011524,3.676,3.676254
6.893877,-2.039909,-0.011668,3.685221,3.685479
7.074584,-2.042016,-0.011656,3.692581,3.692841
7.259347,-2.044169,-0.011645,3.69994,3.7002
7.448179,-2.046365,-0.011605,3.707233,3.707492
7.629951,-2.048471,-0.01157,3.714008,3.714265
7.815769,-2.050619,-0.011549,3.720681,3.720938
8.001915,-2.052768,-0.011549,3.727122,3.727379
8.188373,-2.054922,-0.011548,3.732902,3.73316
8.375085,-2.057078,-0.011548,3.73758,3.737837
8.562028,-2.059237,-0.011548,3.742108,3.742366
8.749193,-2.061398,-0.011547,3.7465,3.746758
8.936574,-2.063562,-0.011546,3.75076,3.751019
9.124165,-2.065728,-0.011546,3.754885,3.755144
9.311959,-2.067896,-0.011546,3.758875,3.759134
9.49995,-2.070067,-0.011545,3.762739,3.762999
9.68813,-2.07224,-0.011545,3.766488,3.766748
9.876496,-2.074414,-0.011544,3.770124,3.770384
10.06504,-2.076591,-0.011544,3.773644,3.773904
10.253757,-2.07877,-0.011544,3.777048,3.777309
10.442642,-2.08095,-0.011543,3.780346,3.780606
10.631689,-2.083132,-0.011543,3.783546,3.783807
10.820894,-2.085317,-0.011543,3.78665,3.78691
11.010236,-2.087502,-0.011543,3.788756,3.789016
11.199663,-2.089689,-0.011543,3.790315,3.790576
11.389151,-2.091876,-0.011542,3.79093,3.791191
11.58244,-2.094107,-0.011542,3.791057,3.791318
11.768141,-2.09625,-0.011542,3.790281,3.790542
11.957573,-2.098437,-0.011542,3.789051,3.789312
12.146945,-2.100623,-0.011542,3.787856,3.788116
12.336258,-2.102808,-0.011542,3.7867,3.78696
12.525514,-2.104992,-0.011542,3.785584,3.785845
12.714716,-2.107176,-0.011542,3.784504,3.784765
12.903864,-2.10936,-0.011542,3.783454,3.783714
13.09296,-2.111542,-0.011542,3.782433,3.782694
13.282006,-2.113724,-0.011542,3.781448,3.781708
13.471004,-2.115906,-0.011542,3.780497,3.780757
13.659955,-2.118087,-0.011542,3.779575,3.779836
13.848861,-2.120268,-0.011543,3.778678,3.778938
14.037722,-2.122448,-0.011543,3.777807,3.778067
14.226541,-2.124627,-0.011543,3.776967,3.777227
14.415318,-2.126806,-0.011543,3.776156,3.776416
14.604055,-2.128985,-0.011543,3.775369,3.775629
14.792754,-2.131163,-0.011543,3.774602,3.774862
14.981415,-2.133341,-0.011543,3.77386,3.774119
15.173811,-2.135562,-0.011543,3.773129,3.773389
15.358628,-2.137695,-0.011543,3.771431,3.771683
15.545977,-2.139858,-0.011543,3.698266,3.698517
15.728049,-2.14196,-0.01155,3.587328,3.587572
15.904661,-2.144004,-0.011606,3.479866,3.480106
16.075985,-2.146002,-0.011742,3.37579,3.376028
16.242188,-2.147971,-0.011976,3.274981,3.275222
16.403429,-2.149928,-0.012304,3.177305,3.177551
16.561053,-2.151896,-0.012665,3.155254,3.155518
16.719198,-2.153925,-0.012991,3.172445,3.172723
16.878189,-2.156013,-0.013259,3.189093,3.189384
17.037999,-2.15815,-0.013463,3.205243,3.205543
17.19859,-2.160324,-0.013598,3.220015,3.220323
17.359888,-2.162523,-0.013663,3.23386,3.234172
17.521853,-2.164739,-0.013695,3.246367,3.246682
17.684413,-2.166967,-0.013712,3.258001,3.258318
17.847546,-2.169205,-0.013718,3.26927,3.269587
18.011234,-2.17145,-0.013716,3.280185,3.280504
18.178748,-2.173747,-0.01371,3.290967,3.291286
18.343503,-2.176006,-0.013704,3.301204,3.301524
18.508763,-2.17827,-0.013701,3.311122,3.311443
18.67451,-2.180541,-0.0137,3.320731,3.321052
18.84073,-2.182819,-0.0137,3.33004,3.330362
19.004066,-2.185056,-0.0137,3.338423,3.338746
19.171123,-2.187345,-0.013701,3.345807,3.346131
19.338542,-2.189639,-0.013701,3.35296,3.353285
19.506314,-2.191938,-0.013701,3.35989,3.360215
19.674427,-2.194241,-0.013701,3.366604,3.366929
19.846242,-2.196595,-0.013701,3.373236,3.373562
20.015012,-2.198908,-0.013701,3.379533,3.379859
20.184091,-2.201225,-0.013701,3.385633,3.38596
20.353471,-2.203545,-0.013701,3.391542,3.39187
20.526538,-2.205917,-0.013701,3.397381,3.397709
20.689692,-2.208152,-0.013701,3.402705,3.403034
20.859912,-2.210485,-0.013701,3.408082,3.408411
21.030396,-2.212821,-0.013702,3.413291,3.413621
21.201137,-2.21516,-0.013702,3.418337,3.418668
21.372126,-2.217503,-0.013702,3.423226,3.423557
21.543356,-2.219849,-0.013702,3.427962,3.428293
21.714819,-2.222199,-0.013702,3.43255,3.432882
21.886508,-2.224551,-0.013702,3.436995,3.437327
22.068736,-2.227049,-0.013702,3.441555,3.441888
22.230535,-2.229266,-0.013702,3.445473,3.445806
22.402558,-2.231623,-0.013702,3.413806,3.414132
22.570633,-2.233926,-0.013702,3.31181,3.312127
22.733686,-2.23616,-0.013699,3.212945,3.213252
22.891873,-2.238326,-0.013683,3.117168,3.117466
23.045346,-2.240424,-0.013652,3.024382,3.024671
23.194254,-2.242454,-0.013613,2.934494,2.934773
23.341582,-2.244457,-0.013569,2.845698,2.845967
23.481695,-2.246355,-0.013526,2.761386,2.761647
23.617659,-2.248191,-0.01349,2.679707,2.679959
23.749603,-2.24997,-0.013465,2.600578,2.600822
23.875129,-2.251659,-0.013451,2.525428,2.525665
23.99948,-2.253331,-0.013444,2.451115,2.451345
24.122552,-2.254986,-0.013442,2.377705,2.377929
24.237325,-2.256529,-0.013443,2.309376,2.309594
24.351043,-2.258057,-0.013445,2.241807,2.24202
24.461436,-2.259542,-0.013447,2.176349,2.176556
24.568608,-2.260983,-0.013449,2.112934,2.113136
24.674708,-2.26241,-0.01345,2.05029,2.050487
24.773685,-2.263742,-0.01345,1.991982,1.992174
24.871783,-2.265061,-0.01345,1.934324,1.934511
24.967043,-2.266342,-0.01345,1.878465,1.878648
25.059554,-2.267587,-0.013449,1.824351,1.824529
25.152249,-2.268833,-0.013449,1.886045,1.886238
25.248035,-2.270122,-0.013449,1.947012,1.947209
25.346821,-2.27145,-0.013449,2.006075,2.006277
25.448557,-2.272819,-0.013448,2.067192,2.067399
25.555533,-2.274257,-0.013448,2.130779,2.13099
25.661394,-2.275681,-0.013448,2.192026,2.192243
25.774801,-2.277206,-0.013447,2.256981,2.257203
25.889152,-2.278744,-0.013447,2.318722,2.318949
26.004166,-2.28029,-0.013446,2.377357,2.377589
26.124442,-2.281908,-0.013446,2.43534,2.435577
26.250102,-2.283597,-0.013445,2.494489,2.49473
26.373661,-2.285259,-0.013445,2.550436,2.550682
26.502524,-2.286991,-0.013444,2.60576,2.606011
26.63411,-2.28876,-0.013443,2.659358,2.659613
26.768334,-2.290565,-0.013443,2.711281,2.711541
26.905113,-2.292404,-0.013442,2.761584,2.761848
27.044367,-2.294275,-0.013441,2.810316,2.810584
27.18602,-2.296179,-0.01344,2.857527,2.857799
27.329997,-2.298115,-0.013439,2.903264,2.903539
27.476224,-2.30008,-0.013438,2.947573,2.947852
27.624632,-2.302074,-0.013437,2.990498,2.990781
27.775152,-2.304096,-0.013436,3.032083,3.032369
27.927719,-2.306146,-0.013434,3.07237,3.072659
28.088491,-2.308306,-0.013433,3.112934,3.113227
28.241888,-2.310367,-0.013432,3.149953,3.150249
28.400256,-2.312494,-0.013431,3.18656,3.186859
28.560426,-2.314645,-0.01343,3.222024,3.222326
28.725596,-2.316864,-0.013429,3.257732,3.258037
28.882658,-2.318973,-0.013428,3.289009,3.289317
29.04787,-2.321192,-0.013427,3.321274,3.321584
29.214456,-2.323428,-0.013427,3.319439,3.319744
29.377892,-2.325623,-0.013427,3.220502,3.220799
29.536451,-2.327752,-0.013427,3.124488,3.124775
29.690285,-2.329818,-0.013427,3.031471,3.03175
29.83954,-2.331822,-0.013428,2.941358,2.94163
29.984361,-2.333767,-0.013431,2.854058,2.854323
30.124886,-2.335654,-0.013435,2.769484,2.769741
30.261248,-2.337487,-0.01344,2.687551,2.687801
30.393578,-2.339266,-0.013444,2.608175,2.608419
30.522002,-2.340993,-0.013448,2.531278,2.531515
30.646641,-2.342669,-0.013451,2.456782,2.457013
30.767614,-2.344296,-0.013452,2.384611,2.384836
30.888288,-2.34592,-0.013453,2.445117,2.445355
31.012002,-2.347584,-0.013453,2.505102,2.505345
31.138669,-2.349288,-0.013453,2.563215,2.563463
31.268195,-2.351031,-0.013452,2.619513,2.619766
31.400492,-2.352811,-0.013452,2.674054,2.674311
31.535474,-2.354627,-0.013452,2.726892,2.727153
31.673056,-2.356477,-0.013452,2.77808,2.778345
31.813156,-2.358362,-0.013452,2.82767,2.82794
31.955698,-2.36028,-0.013452,2.875712,2.875985
32.100604,-2.362229,-0.013452,2.922253,2.922531
32.2478,-2.364209,-0.013452,2.967342,2.967623
32.397216,-2.366219,-0.013452,3.011023,3.011308
32.551833,-2.368299,-0.013452,3.054173,3.054461
32.702428,-2.370325,-0.013452,3.094336,3.094628
32.858094,-2.372419,-0.013452,3.134052,3.134347
33.018886,-2.374582,-0.013452,3.173285,3.173584
33.175438,-2.376688,-0.013452,3.218869,3.219173
33.337509,-2.378869,-0.013452,3.265679,3.265986
33.501883,-2.38108,-0.013452,3.311028,3.311339
33.668489,-2.383321,-0.013452,3.354961,3.355276
33.837257,-2.385592,-0.013452,3.397522,3.397841
34.00812,-2.38789,-0.013452,3.438755,3.439077
34.181012,-2.390216,-0.013453,3.4787,3.479026
34.35587,-2.392569,-0.013453,3.517398,3.517727
34.532632,-2.394947,-0.013453,3.554888,3.55522
34.71124,-2.39735,-0.013453,3.591208,3.591543
34.891635,-2.399777,-0.013453,3.626393,3.626731
35.073761,-2.402227,-0.013453,3.66048,3.660821
35.257565,-2.4047,-0.013453,3.693503,3.693847
35.442995,-2.407195,-0.013453,3.725494,3.725841
35.629998,-2.409711,-0.013453,3.756487,3.756837
35.818528,-2.412247,-0.013453,3.786512,3.786864
36.008534,-2.414804,-0.013453,3.8156,3.815955
36.203816,-2.417431,-0.013453,3.844334,3.844691
36.392798,-2.419974,-0.013453,3.871079,3.871439
36.586966,-2.422586,-0.013453,3.897527,3.897889
36.782036,-2.42521,-0.013453,3.875537,3.875892
36.972835,-2.427777,-0.013453,3.759143,3.759488
37.157903,-2.430267,-0.013453,3.646311,3.646646
37.337418,-2.432682,-0.013453,3.537002,3.537327
37.511554,-2.435025,-0.013453,3.431106,3.431422
37.680477,-2.437298,-0.013452,3.328516,3.328823
37.844352,-2.439502,-0.013451,3.229129,3.229427
38.003336,-2.441641,-0.013451,3.132845,3.133134
38.157581,-2.443715,-0.01345,3.039567,3.039848
38.307235,-2.445728,-0.01345,2.949201,2.949475
38.452442,-2.447681,-0.01345,2.861657,2.861923
38.59334,-2.449577,-0.01345,2.776846,2.777104
38.730065,-2.451416,-0.01345,2.694683,2.694934
38.862746,-2.4532,-0.01345,2.615085,2.615329
38.991509,-2.454932,-0.01345,2.537972,2.53821
39.116478,-2.456613,-0.01345,2.463267,2.463498
39.23777,-2.458244,-0.01345,2.390894,2.391119
39.3555,-2.459828,-0.01345,2.320781,2.321
39.46978,-2.461365,-0.01345,2.252856,2.25307
39.580716,-2.462857,-0.01345,2.187053,2.187261
39.688415,-2.464306,-0.01345,2.123304,2.123507
39.792975,-2.465712,-0.01345,2.061527,2.061724
39.89449,-2.467078,-0.01345,2.00143,2.001623
39.99304,-2.468403,-0.01345,1.942897,1.943085
40.088701,-2.46969,-0.01345,1.885889,1.886072
40.18502,-2.470985,-0.01345,1.926438,1.926636
40.283509,-2.47231,-0.01345,2.015315,2.01552
40.386475,-2.473695,-0.01345,2.105442,2.105655
40.49393,-2.47514,-0.01345,2.19485,2.19507
40.608129,-2.476676,-0.01345,2.284981,2.285207
40.719744,-2.478178,-0.01345,2.367187,2.36742
40.840141,-2.479797,-0.01345,2.450199,2.450438
40.964624,-2.481472,-0.01345,2.530618,2.530864
41.093064,-2.483199,-0.01345,2.608527,2.608779
41.225338,-2.484978,-0.01345,2.684003,2.684262
41.364084,-2.486844,-0.013449,2.758562,2.758827
41.503746,-2.488723,-0.013449,2.829724,2.829995
41.646933,-2.490649,-0.013449,2.899342,2.899618
41.793546,-2.492621,-0.013449,2.966786,2.967069
41.943479,-2.494637,-0.013449,3.032125,3.032413
42.093533,-2.496655,-0.013448,3.094177,3.094471
42.249735,-2.498756,-0.013448,3.155539,3.155837
42.408957,-2.500897,-0.013447,3.214985,3.215288
42.571104,-2.503078,-0.013447,3.272574,3.272882
42.736086,-2.505296,-0.013447,3.328366,3.328679
42.903813,-2.507552,-0.013446,3.382416,3.382733
43.074201,-2.509843,-0.013445,3.434778,3.4351
43.247165,-2.512169,-0.013445,3.485505,3.485831
43.422626,-2.514528,-0.013444,3.534649,3.534979
43.600506,-2.516919,-0.013443,3.582258,3.582592
43.780728,-2.519342,-0.013443,3.628381,3.628719
43.963221,-2.521795,-0.013442,3.673063,3.673406
44.147913,-2.524278,-0.013441,3.716351,3.716697
44.334734,-2.526789,-0.01344,3.758287,3.758637
44.52362,-2.529328,-0.013439,3.798914,3.799267
44.714506,-2.531893,-0.013439,3.838273,3.838629
44.907328,-2.534485,-0.013438,3.876402,3.876762
45.105939,-2.537154,-0.013437,3.914068,3.914431
45.302492,-2.539795,-0.013436,3.949832,3.950198
45.496821,-2.542406,-0.013435,3.983796,3.984165
45.696805,-2.545093,-0.013435,4.017382,4.017754
45.898442,-2.547802,-0.013434,4.04992,4.050294
46.101681,-2.550532,-0.013433,4.081441,4.081819
46.306471,-2.553281,-0.013403,4.11198,4.112358
46.512763,-2.556039,-0.013309,4.141569,4.141944
46.720512,-2.558787,-0.013133,4.170237,4.170605
46.929672,-2.561508,-0.012884,4.198015,4.198372
47.140199,-2.564192,-0.012601,4.224928,4.225271
47.352051,-2.566828,-0.012278,4.251002,4.251331
47.569462,-2.569454,-0.011865,4.276762,4.277071
47.779565,-2.571903,-0.011439,4.300744,4.301033
47.995148,-2.574321,-0.010997,4.32446,4.324729
48.212188,-2.576479,-0.010381,4.436081,4.436578
48.432236,-2.57881,-0.010004,4.338388,4.338624
48.645492,-2.581034,-0.009918,4.199306,4.199534
48.864739,-2.583242,-0.010476,4.346831,4.347079
49.086898,-2.585564,-0.010203,4.369959,4.370193
49.301433,-2.58767,-0.009256,4.391246,4.391438
49.52163,-2.589586,-0.008048,4.407329,4.40753
49.742428,-2.59111,-0.006354,4.447856,4.44787
49.959279,-2.592272,-0.004369,4.243991,4.26929
50.174741,-2.5927,-0.002327,4.390185,4.390368
50.39838,-2.59314,0.000177,4.552014,4.571849
50.620539,-2.592919,0.001893,4.446988,4.447032
50.843373,-2.592351,0.003193,4.463037,4.463097
51.071458,-2.591486,0.004372,4.478227,4.478306
51.290463,-2.590107,0.006701,4.48154,4.481652
51.51585,-2.587899,0.011964,4.449476,4.451063
51.739756,-2.585034,0.014175,4.490314,4.490801
51.964585,-2.581679,0.01562,4.502579,4.503164
52.189852,-2.578042,0.017403,4.513244,4.513975
52.415713,-2.573838,0.020563,4.526394,4.527404
52.642641,-2.568879,0.024158,4.550878,4.552358
52.869573,-2.563083,0.025994,4.548174,4.54969
53.097392,-2.556871,0.027517,4.554662,4.556449
53.32331,-2.550577,0.029255,4.556667,4.558671
53.551472,-2.543734,0.030672,4.568857,4.571041
53.780285,-2.536634,0.031561,4.581483,4.583791
54.009731,-2.529334,0.032536,4.592362,4.594825
54.239638,-2.521704,0.0338,4.600926,4.603589
54.468872,-2.513407,0.036481,4.597808,4.600813
54.699752,-2.50424,0.041427,4.566123,4.5705
54.929272,-2.49478,0.042825,4.599063,4.603324
55.159489,-2.48473,0.044417,4.609427,4.614012
55.390062,-2.474325,0.046506,4.617871,4.622961
55.621121,-2.463293,0.049311,4.629118,4.634826
55.853039,-2.451606,0.051856,4.632284,4.638227
56.084961,-2.439047,0.055204,4.665599,4.672971
56.334367,-2.424968,0.058161,4.567727,4.578589
56.54695,-2.41246,0.059969,4.63957,4.647955
56.779113,-2.398323,0.061628,4.64663,4.655498
57.011739,-2.383706,0.065099,4.653336,4.663233
57.244687,-2.367781,0.071147,4.661574,4.673389
57.477946,-2.350878,0.073697,4.631204,4.642457
57.711155,-2.33332,0.07498,4.721989,4.733756
57.944403,-2.315322,0.078441,4.647296,4.661875
58.177196,-2.29649,0.082704,4.661424,4.677437
58.410426,-2.276749,0.086258,4.667791,4.685334
58.643894,-2.256212,0.089985,4.67542,4.694574
58.87777,-2.234717,0.093897,4.697027,4.716643
59.112188,-2.212298,0.097558,4.682283,4.704569
59.346526,-2.188738,0.102066,4.682096,4.707032
59.578903,-2.164385,0.106934,4.676847,4.703527
59.812995,-2.138716,0.111418,4.684927,4.714173
60.042695,-2.112564,0.115209,4.690432,4.721791
60.28224,-2.084438,0.118761,4.698993,4.732339
60.517356,-2.055975,0.122102,4.702658,4.737939
60.751591,-2.02657,0.126412,4.694205,4.731621
60.987458,-1.995725,0.132285,4.630201,4.676539
61.220948,-1.964744,0.134564,4.67991,4.722622
61.451277,-1.933433,0.135717,4.535571,4.577688
61.674455,-1.902792,0.137209,4.395185,4.43689
61.89059,-1.872752,0.139804,4.258877,4.300968
62.10078,-1.843022,0.141857,4.157394,4.19875
62.304281,-1.813775,0.143939,4.006894,4.048728
62.502102,-1.784684,0.147145,3.884884,3.928054
62.69505,-1.755687,0.146372,3.90116,3.943112
62.890838,-1.726909,0.145713,3.929957,3.972155
63.088189,-1.698139,0.142427,3.959818,4.00041
63.291038,-1.66943,0.139202,3.990409,4.029493
63.487269,-1.64207,0.137939,4.015704,4.054266
63.688579,-1.614252,0.136677,4.038959,4.07699
63.890514,-1.586408,0.134011,4.060476,4.096917
64.094678,-1.558838,0.133108,4.025348,4.066755
64.298213,-1.531746,0.132489,4.092826,4.129029
64.503521,-1.504481,0.131775,4.118098,4.154251
64.709978,-1.477225,0.131557,4.143979,4.180308
64.921851,-1.4492,0.132062,4.167472,4.20426
65.126652,-1.421904,0.132992,4.194466,4.231867
65.336815,-1.39379,0.133743,4.204899,4.24269
65.547701,-1.365094,0.135562,4.217951,4.257611
65.757475,-1.336455,0.137564,4.190121,4.229088
65.969068,-1.307138,0.139307,4.245538,4.287095
66.181939,-1.277186,0.140563,4.26699,4.309501
66.400123,-1.246216,0.14217,4.286732,4.330459
66.614939,-1.215242,0.144232,4.302684,4.347851
66.830522,-1.183731,0.146028,4.315512,4.361953
67.04568,-1.15139,0.150086,4.348268,4.401716
67.262128,-1.118181,0.155282,4.317142,4.366158
67.478296,-1.084101,0.15751,4.330843,4.385157
67.690787,-1.050157,0.159753,4.343219,4.399537
67.908185,-1.014795,0.163531,4.356804,4.416003
68.126287,-0.978377,0.167832,4.371278,4.433793
68.345476,-0.940934,0.171531,4.378292,4.442621
68.564602,-0.902305,0.175984,4.416348,4.489431
68.788423,-0.861937,0.180333,4.318347,4.396035
69.006547,-0.822211,0.184451,4.396851,4.472814
69.222301,-0.781526,0.188266,4.409047,4.488359
69.469744,-0.733821,0.193615,4.422685,4.506844
69.669119,-0.694319,0.197426,4.433632,4.521487
69.886663,-0.650415,0.200783,4.442669,4.533782
70.108323,-0.604862,0.203391,4.443221,4.536559
70.331098,-0.558041,0.209064,4.408838,4.505945
70.552657,-0.51065,0.214085,4.438037,4.541758
70.774758,-0.46189,0.218163,4.445444,4.553644
70.997158,-0.412205,0.22221,4.453992,4.566627
71.219982,-0.361372,0.226839,4.462415,4.580074
71.44342,-0.309357,0.230927,4.464595,4.584948
71.666735,-0.25625,0.234676,4.495322,4.628918
71.889715,-0.202538,0.238895,4.383556,4.519303
72.111801,-0.147752,0.244458,4.462951,4.599673
72.335044,-0.091484,0.249237,4.466618,4.609018
72.558176,-0.034216,0.253235,4.425602,4.571325
72.775921,0.022574,0.257114,4.284133,4.429748
72.986719,0.078451,0.261184,4.147734,4.293341
73.190411,0.133722,0.266304,4.019516,4.166402
73.389495,0.188325,0.268972,3.848887,4.000377
73.581091,0.240932,0.27175,3.774763,3.91854
73.770489,0.294053,0.274992,3.801823,3.950259
73.965127,0.349252,0.277557,3.830452,3.982904
74.153266,0.40305,0.279485,3.854659,4.010216
74.34676,0.458733,0.280882,3.886381,4.044869
74.541665,0.514959,0.281317,3.90245,4.061638
74.737396,0.571636,0.280788,3.950557,4.12095
74.933527,0.628264,0.280739,3.874656,4.040749
75.130331,0.685211,0.280885,3.960606,4.122211
75.328968,0.74252,0.280866,3.984161,4.146681
75.528912,0.800249,0.281187,4.010028,4.173976
75.734047,0.859538,0.281508,4.031407,4.19659
75.93201,0.91681,0.281692,4.04875,4.214827
76.134259,0.975541,0.282086,4.039495,4.215899
76.338892,1.035248,0.283377,4.08397,4.25373
76.542181,1.094348,0.283432,4.082479,4.253375
76.746954,1.153936,0.282873,4.106712,4.27672
76.952748,1.213651,0.282547,4.126599,4.297431
77.159503,1.273646,0.28287,4.145381,4.317352
77.367149,1.334081,0.283631,4.164569,4.337947
77.580119,1.396212,0.284682,4.176105,4.350712
77.785333,1.456609,0.286299,4.206605,4.383601
77.99342,1.518065,0.287034,4.148044,4.329987
78.203025,1.580079,0.286819,4.205597,4.384757
78.413697,1.642176,0.286442,4.220782,4.400102
78.62533,1.704466,0.28604,4.23902,4.418631
78.837709,1.766864,0.285435,4.253198,4.432603
79.050785,1.829322,0.28514,4.264308,4.443915
79.263626,1.892097,0.285197,4.297251,4.477412
79.477192,1.954879,0.287014,4.256567,4.433232
79.690752,2.018116,0.289296,4.27809,4.463607
79.904991,2.082133,0.291464,4.291102,4.480087
80.119746,2.146783,0.293836,4.301577,4.494647
80.33504,2.212141,0.296211,4.312965,4.509786
80.551171,2.27824,0.298056,4.316845,4.514174
80.767304,2.345082,0.299974,4.342186,4.544612
80.982405,2.41174,0.301931,4.264023,4.466324
81.202384,2.480279,0.303612,4.327544,4.534955
81.419022,2.548292,0.304923,4.338563,4.54841
81.636285,2.616779,0.30642,4.348019,4.560441
81.853904,2.68587,0.308397,4.353899,4.569451
82.067456,2.754105,0.310145,4.359647,4.578086
82.284786,2.824544,0.315088,4.416291,4.631388
82.502256,2.895854,0.320103,4.33787,4.569733
82.719266,2.968144,0.322674,4.342856,4.579208
82.936519,3.041046,0.324959,4.346258,4.586728
83.153859,3.114578,0.328338,4.350459,4.596532
83.371422,3.189168,0.332695,4.355498,4.608578
83.593796,3.266294,0.335759,4.355363,4.612473
83.80755,3.341419,0.339,4.353877,4.617671
84.023514,3.417761,0.341777,4.331919,4.595041
84.241137,3.495474,0.34461,4.356845,4.628993
84.459155,3.574061,0.347364,4.364849,4.64196
84.677672,3.653374,0.349477,4.372248,4.653489
84.896451,3.73342,0.351968,4.376151,4.661887
85.114844,3.813899,0.354432,4.341174,4.637958
85.334214,3.896016,0.360087,4.375274,4.675511
85.551591,3.978238,0.363457,4.35298,4.657207
85.769303,4.061305,0.365485,4.3555,4.663543
85.987061,4.144836,0.36758,4.355841,4.668287
86.209165,4.230749,0.371364,4.35677,4.676116
86.422957,4.31439,0.375212,4.366587,4.695792
86.640565,4.400572,0.37817,4.356984,4.687661
86.85831,4.487558,0.381338,4.273204,4.609431
87.074212,4.574468,0.384991,4.344751,4.687939
87.291555,4.662926,0.387989,4.348795,4.697965
87.509218,4.752151,0.390239,4.355614,4.709603
87.727219,4.842088,0.392461,4.359855,4.718546
87.94534,4.932643,0.394502,4.362273,4.725157
88.162609,5.023921,0.399098,4.421512,4.791587
88.380152,5.116126,0.404091,4.335234,4.694404
88.596701,5.208863,0.405556,4.33211,4.714549
88.813366,5.302067,0.40692,4.334571,4.720004
89.03006,5.395604,0.408771,4.334862,4.724857
89.246739,5.489889,0.412635,4.33493,4.732412
89.463656,5.585213,0.415683,4.33507,4.738045
89.680623,5.68146,0.418498,4.332003,4.742713
89.895476,5.777528,0.420833,4.325937,4.740415
90.112032,5.874732,0.423043,4.333346,4.752279
90.328801,5.972589,0.425014,4.337098,4.760639
90.545931,6.071114,0.426947,4.343366,4.771598
90.763225,6.1702,0.428742,4.345435,4.777834
90.979772,6.2697,0.431707,4.336913,4.774341
91.197413,6.370759,0.436805,4.275177,4.730905
91.412855,6.471301,0.438385,4.316645,4.767446
91.625238,6.571048,0.439976,4.180545,4.620675
91.83081,6.668132,0.442804,4.045215,4.477546
92.029782,6.762791,0.445403,3.919233,4.343148
92.223221,6.855193,0.446836,3.824968,4.240592
92.410284,6.945052,0.449012,3.682326,4.087359
92.591934,7.033055,0.452064,3.566367,3.965382
92.766335,7.118117,0.451082,3.46268,3.847219
92.936682,7.200757,0.452154,3.355514,3.730302
93.101818,7.281064,0.453436,3.247378,3.612767
93.262975,7.359981,0.457588,3.227314,3.597478
93.425141,7.440247,0.461442,3.256379,3.636782
93.588719,7.521865,0.463917,3.28402,3.672075
93.753255,7.604285,0.465761,3.282603,3.681261
93.919827,7.68877,0.468519,3.359693,3.766098
94.086286,7.773428,0.472144,3.338007,3.734715
94.254182,7.859259,0.474936,3.370832,3.79032
94.423343,7.946327,0.476517,3.397623,3.82452
94.59386,8.034557,0.479038,3.42347,3.85874
94.76562,8.124054,0.48171,3.45055,3.893605
94.938906,8.214934,0.484345,3.479209,3.93147
95.113455,8.307033,0.487341,3.491784,3.950948
95.288416,8.400224,0.490914,3.511399,3.98066
95.463431,8.494179,0.493907,3.459024,3.937546
95.639068,8.589225,0.495933,3.533995,4.018072
95.816275,8.685285,0.497189,3.555372,4.044917
95.991112,8.780126,0.496528,3.577802,4.069545
96.174114,8.879404,0.497702,3.595483,4.092031
96.357996,8.979424,0.4985,3.611629,4.112025
96.535246,9.075788,0.49872,3.597432,4.08891
96.716029,9.174783,0.500194,3.594515,4.098192
96.890886,9.270722,0.503459,3.455608,3.932584
97.06048,9.364099,0.50732,3.33268,3.81299
97.224333,9.455592,0.511369,3.223492,3.696439
97.382851,9.544798,0.514442,3.121073,3.585782
97.536476,9.631915,0.518028,3.024866,3.481679
97.685242,9.717044,0.521598,2.927771,3.376852
97.829631,9.800242,0.524386,2.843562,3.283053
97.968969,9.881119,0.526544,2.745951,3.175992
98.104076,9.960094,0.52973,2.67213,3.097569
98.231324,10.034786,0.532242,2.561223,2.96603
98.360387,10.110927,0.535517,2.484168,2.888476
98.482459,10.183683,0.539642,2.39807,2.795248
98.600319,10.254645,0.544333,2.316448,2.707718
98.716441,10.325234,0.547818,2.236909,2.620276
98.824252,10.391228,0.550807,2.166667,2.54261
98.93083,10.45688,0.553205,2.09977,2.467627
99.034151,10.520814,0.555034,2.036056,2.395588
99.134369,10.583066,0.556669,1.974864,2.326135
99.231583,10.643675,0.558267,1.915647,2.258548
99.325709,10.702577,0.559497,1.866918,2.206518
99.42053,10.762147,0.561317,1.932515,2.280789
99.51735,10.823155,0.563217,1.973719,2.333035
99.617121,10.886333,0.564182,2.013362,2.380253
99.720105,10.951425,0.565049,2.090216,2.473796
99.828361,11.01986,0.563342,2.156912,2.55144
99.937749,11.088857,0.561716,2.220157,2.623169
100.048015,11.158127,0.560365,2.281117,2.693094
100.163572,11.230524,0.558894,2.342409,2.762977
100.282176,11.304608,0.557833,2.402582,2.831845
100.403741,11.380354,0.55667,2.461072,2.898877
100.528366,11.457829,0.555853,2.514525,2.961423
100.654719,11.536364,0.555668,2.55663,3.00938
100.783776,11.616498,0.555259,2.6135,3.086039
100.924533,11.703785,0.553583,2.617367,3.081859
101.049575,11.78103,0.552324,2.683842,3.15246
101.187802,11.86577,0.546756,2.737042,3.204537
101.323102,11.947871,0.544344,2.780806,3.250787
101.463119,12.032387,0.541614,2.822421,3.29379
101.602485,12.115914,0.538193,2.867909,3.340265
101.747022,12.201951,0.535882,2.914179,3.389273
101.893837,12.28891,0.533691,2.959518,3.437839
102.042329,12.376602,0.531523,2.969528,3.466207
102.192917,12.466226,0.529166,3.023314,3.501847
102.344403,12.554572,0.528639,3.063127,3.541396
102.498217,12.644347,0.528082,3.094075,3.582681
102.653857,12.735015,0.527762,3.132188,3.626404
102.814541,12.828632,0.527706,3.172575,3.672118
102.970802,12.919709,0.527762,3.206953,3.712063
103.131963,13.013666,0.527864,3.241023,3.751705
103.294879,13.108613,0.527991,3.264141,3.776167
103.458769,13.20447,0.528642,3.312313,3.840345
103.623132,13.300389,0.529381,3.262417,3.775237
103.788634,13.397072,0.5286,3.332631,3.859438
103.956069,13.494652,0.526988,3.363854,3.892136
104.125021,13.59305,0.529055,3.387826,3.924034
104.295113,13.69254,0.528908,3.413271,3.953912
104.466328,13.792375,0.526895,3.438743,3.978588
104.638904,13.892707,0.526687,3.464638,4.007943
104.812152,13.994415,0.525757,3.493845,4.039535
104.986205,14.095423,0.525496,3.472235,4.009
105.178842,14.206996,0.526063,3.516032,4.065799
105.337523,14.299134,0.52642,3.535419,4.090014
105.514847,14.402171,0.526995,3.558445,4.117859
105.696956,14.508161,0.527671,3.583967,4.147814
105.873022,14.610841,0.528316,3.604205,4.173269
106.053674,14.716353,0.529397,3.613492,4.185927
106.234783,14.822638,0.531048,3.622531,4.20251
106.415028,14.928489,0.534005,3.611526,4.198559
106.596655,15.035964,0.534323,3.641238,4.230993
106.779161,15.143942,0.534319,3.659099,4.251846
106.962504,15.252715,0.538085,3.668091,4.271466
107.146189,15.362757,0.540374,3.679673,4.290888
107.33054,15.473362,0.540692,3.695028,4.310308
107.515155,15.584715,0.541019,3.734378,4.347431
107.70004,15.69599,0.541953,3.700424,4.319471
107.885403,15.8079,0.544187,3.713906,4.340967
108.07514,15.923013,0.546539,3.726133,4.361489
108.257868,16.034389,0.5489,3.734777,4.378811
108.444962,16.14908,0.551379,3.750532,4.402583
108.632998,16.264991,0.553711,3.761046,4.419753
108.821016,16.381738,0.556807,3.763628,4.431064
109.008511,16.499001,0.559807,3.721626,4.396484
109.195717,16.616189,0.562928,3.760688,4.446531
109.387781,16.737618,0.56463,3.771041,4.463932
109.576657,16.857646,0.569,3.776069,4.482087
109.761835,16.97667,0.573474,3.780559,4.500724
109.951033,17.099277,0.576428,3.783379,4.51268
110.139693,17.222301,0.577811,3.787359,4.51986
110.329056,17.346282,0.58223,3.773326,4.515578
110.517592,17.47106,0.586967,3.772056,4.530291
110.706259,17.597205,0.591709,3.77416,4.547259
110.894871,17.724565,0.596745,3.772605,4.56181
111.083458,17.853317,0.601895,3.771838,4.576925
111.279777,17.988778,0.60657,3.769298,4.583522
111.464419,18.117682,0.611271,3.760397,4.592766
111.648231,18.247189,0.615571,3.704089,4.545928
111.834796,18.379174,0.619353,3.746491,4.601341
112.0222,18.513229,0.622588,3.748786,4.614503
112.209788,18.648134,0.625006,3.751379,4.625759
112.397361,18.783928,0.628224,3.749367,4.633893
112.584817,18.92044,0.631029,3.732829,4.601919
112.770966,19.05764,0.637299,3.733424,4.654341
112.957416,19.19662,0.644291,3.697819,4.622928
113.146198,19.338979,0.647982,3.699825,4.640407
113.331001,19.479321,0.651598,3.692849,4.64562
113.515469,19.620636,0.656525,3.686157,4.654833
113.699787,19.763259,0.661942,3.727569,4.70256
113.883689,19.907147,0.665416,3.675684,4.671394
114.061081,20.047005,0.668762,3.556207,4.533936
114.234997,20.18483,0.672771,3.408578,4.347623
114.404523,20.319712,0.676098,3.334366,4.274617
114.568688,20.451548,0.677711,3.231511,4.148387
114.727662,20.579788,0.68004,3.128033,4.023028
114.881507,20.704523,0.682604,3.026888,3.901101
115.030367,20.825883,0.68543,2.928648,3.783198
115.173946,20.944147,0.688901,2.834204,3.670856
115.313656,21.059583,0.690939,2.761017,3.58201
115.448819,21.171586,0.693453,2.650243,3.446182
115.579088,21.280216,0.696819,2.561417,3.340171
115.707405,21.387947,0.700649,2.474231,3.237457
115.826753,21.488778,0.703194,2.398934,3.145066
115.944841,21.588977,0.705471,2.32346,3.051648
116.059164,21.686536,0.707686,2.250673,2.96193
116.17339,21.784473,0.709899,2.241204,2.954157
116.286545,21.882008,0.712456,2.286969,3.022375
116.402038,21.982069,0.714816,2.31805,3.072235
116.523693,22.087822,0.716684,2.361912,3.132107
116.637334,22.186877,0.717951,2.359101,3.128239
116.755114,22.289874,0.721945,2.419851,3.223876
116.876975,22.397427,0.7237,2.4527,3.272524
117.000648,22.506613,0.722635,2.490924,3.321517
117.131008,22.621678,0.723803,2.523676,3.367691
117.252923,22.729496,0.724638,2.555993,3.414661
117.384109,22.845923,0.727101,2.588983,3.465358
117.511078,22.959473,0.728498,2.620166,3.506304
117.642539,23.077223,0.731591,2.642713,3.551459
117.775061,23.19694,0.734651,2.641132,3.5595
117.907976,23.317235,0.737671,2.672053,3.61232
118.042162,23.439531,0.741305,2.694063,3.654055
118.180093,23.566263,0.745601,2.714716,3.696352
118.313604,23.689934,0.749457,2.733869,3.735962
118.450735,23.818033,0.753549,2.754435,3.777349
118.588809,23.948055,0.757502,2.763572,3.802903
118.727231,24.079784,0.762098,2.787158,3.867678
118.869052,24.215579,0.766211,2.784916,3.86637
119.004766,24.346637,0.768195,2.75959,3.854805
119.144656,24.482501,0.771393,2.811063,3.920507
119.288548,24.622626,0.773264,2.825696,3.949546
119.427203,24.758636,0.778784,2.828978,3.974452
119.568844,24.899132,0.783446,2.83411,4.000088
119.710617,25.04091,0.787512,2.836956,4.020973
119.852438,25.183491,0.788993,2.847008,4.041802
119.995161,25.328325,0.793603,2.824497,4.05163
120.136672,25.473186,0.798658,2.830458,4.058464
120.278461,25.619427,0.802914,2.837209,4.085287
120.420695,25.766683,0.802951,2.851922,4.107827
120.56357,25.914805,0.804955,2.861327,4.129703
120.709727,26.067122,0.807916,2.868763,4.153271
120.850486,26.214907,0.812202,2.866659,4.166233
120.9936,26.366993,0.81839,2.874811,4.209793
121.136508,26.520284,0.82286,2.855997,4.200268
121.278048,26.673335,0.825281,2.852241,4.204404
121.420545,26.828464,0.830046,2.849645,4.221869
121.563348,26.984779,0.829355,2.864734,4.242334
121.706772,27.141614,0.832208,2.865268,4.255741
121.849743,27.29975,0.83933,2.853121,4.270722
121.991947,27.458709,0.84153,2.855607,4.281555
122.137801,27.6226,0.846344,2.879675,4.343232
122.276323,27.78052,0.85196,2.826657,4.294292
122.417615,27.94278,0.856703,2.824245,4.312243
122.558769,28.106302,0.860703,2.823545,4.332252
122.700051,28.270996,0.863912,2.824763,4.351706
122.841301,28.437045,0.868213,2.8236,4.37166
122.982519,28.604613,0.873374,2.816756,4.384931
123.122873,28.7735,0.880628,2.806675,4.434178
123.262495,28.943291,0.885347,2.772378,4.397987
123.401043,29.113787,0.890673,2.776361,4.414485
123.539508,29.286121,0.897071,2.762913,4.42812
123.677463,29.459882,0.901552,2.758032,4.444766
123.815748,29.634621,0.900268,2.773592,4.46392
123.954434,29.809611,0.902566,2.768216,4.424593
124.0929,29.985071,0.902344,2.778032,4.483665
124.234672,30.165354,0.905409,2.729681,4.439388
124.372721,30.341749,0.909539,2.759627,4.493556
124.510575,30.5196,0.913234,2.754661,4.507063
124.648199,30.69843,0.916533,2.750001,4.520236
124.785727,30.878036,0.918055,2.754093,4.534698
124.929266,31.066001,0.919873,2.757201,4.543566
125.058598,31.236231,0.921892,2.755205,4.557952
125.195985,31.417764,0.924686,2.721354,4.536014
125.332384,31.599569,0.92707,2.738343,4.562504
125.471857,31.786099,0.930392,2.731296,4.570955
125.608336,31.969827,0.932547,2.730956,4.582473
125.745188,32.154081,0.931035,2.743141,4.59452
125.882522,32.338409,0.930532,2.749495,4.603196
126.019928,32.522796,0.9297,2.784146,4.642934
126.15797,32.708192,0.930681,2.716227,4.581688
126.302988,32.903825,0.934171,2.743032,4.613481
126.429219,33.074753,0.935281,2.745207,4.624691
126.566528,33.261173,0.936667,2.747165,4.635622
126.704,33.448022,0.936566,2.752137,4.647244
126.841997,33.635619,0.937247,2.758489,4.652504
126.979589,33.823312,0.939129,2.75296,4.661306
127.119227,34.014211,0.941889,2.723804,4.623427
127.253369,34.198664,0.942688,2.738932,4.661091
127.393073,34.391185,0.943425,2.739469,4.666744
127.527455,34.576538,0.942268,2.748236,4.673616
127.668332,34.769229,0.936561,2.774478,4.683672
127.804484,34.954282,0.937263,2.778964,4.663222
127.943918,35.14337,0.934157,2.799179,4.708128
128.082745,35.331019,0.932212,2.791554,4.667122
128.222144,35.519185,0.934452,2.786504,4.688767
128.369911,35.719302,0.934943,2.790223,4.698489
128.501185,35.89717,0.934918,2.796669,4.707902
128.643879,36.090353,0.934488,2.803031,4.717216
128.781556,36.276438,0.933956,2.808372,4.720946
128.922069,36.466275,0.933792,2.80042,4.667074
129.061348,36.654912,0.934157,2.808197,4.723422
129.201823,36.845046,0.934815,2.810732,4.732131
129.342411,37.035591,0.935437,2.812379,4.739622
129.483152,37.226724,0.936565,2.813905,4.749155
129.623889,37.418232,0.937483,2.813423,4.754282
129.764138,37.610092,0.939138,2.831638,4.810582
129.904299,37.802311,0.94208,2.788915,4.742069
130.043371,37.993256,0.941105,2.790936,4.739007
130.183127,38.184722,0.939493,2.799262,4.743012
130.323303,38.376168,0.938135,2.80757,4.748271
130.463835,38.567554,0.937365,2.811899,4.752846
130.604659,38.759273,0.937152,2.819578,4.753701
130.745535,38.951237,0.936466,2.835936,4.779971
130.885214,39.141315,0.935675,2.818801,4.752032
131.026273,39.332649,0.935465,2.823112,4.75719
131.167534,39.524191,0.93526,2.828604,4.76366
131.309258,39.715916,0.933444,2.838157,4.770724
131.451535,39.907625,0.931334,2.849481,4.775503
131.594068,40.098975,0.92981,2.804343,4.776989
131.736224,40.291253,0.931173,2.842095,4.762204
131.878132,40.481953,0.930594,2.844957,4.762466
132.020511,40.672913,0.929777,2.849727,4.765458
132.16298,40.86377,0.930184,2.847745,4.766898
132.303047,41.051886,0.931902,2.754766,4.621037
132.439865,41.236103,0.932723,2.727929,4.581513
132.576218,41.420228,0.931885,2.745514,4.613611
132.712216,41.603028,0.930322,2.71797,4.555841
132.849353,41.786826,0.928957,2.750787,4.594939
132.987179,41.971022,0.927904,2.761773,4.606791
133.125672,42.155582,0.9263,2.775519,4.619871
133.26503,42.340291,0.923319,2.794219,4.632658
133.405065,42.525299,0.922893,2.801293,4.642201
133.544206,42.710876,0.924433,2.815108,4.667927
133.683492,42.89588,0.92556,2.78658,4.635855
133.823029,43.081245,0.925481,2.793393,4.644477
133.962818,43.266901,0.925625,2.795762,4.651316
134.102622,43.452841,0.927424,2.794124,4.659751
134.242244,43.63955,0.930684,2.789403,4.670886
134.381849,43.827098,0.932041,2.786371,4.671378
134.520975,44.015092,0.93291,2.730343,4.626738
134.659517,44.201485,0.931982,2.785178,4.668956
134.798806,44.389032,0.932032,2.787552,4.67553
134.938355,44.576888,0.931808,2.793678,4.684819
135.078432,44.76506,0.930289,2.805805,4.695415
135.218816,44.953325,0.930077,2.809581,4.700532
135.358698,45.141444,0.930871,2.745745,4.715255
135.498403,45.330476,0.934131,2.783666,4.690245
135.637893,45.519329,0.935237,2.789388,4.69886
135.777352,45.708569,0.936137,2.789034,4.704021
135.916814,45.898091,0.936879,2.789416,4.709319
136.056421,46.087882,0.937112,2.792163,4.715977
136.196354,46.278173,0.936697,2.796924,4.713592
136.335975,46.468562,0.938076,2.788852,4.717489
136.475084,46.65763,0.938247,2.785094,4.673275
136.614,46.847453,0.938953,2.784723,4.714853
136.753246,47.037888,0.939909,2.785116,4.721604
136.892764,47.228811,0.939924,2.791208,4.733432
137.032435,47.420196,0.941114,2.790365,4.738791
137.171658,47.61141,0.942912,2.750039,4.696269
137.309712,47.8039,0.948643,2.755621,4.728266
137.447698,47.996579,0.951097,2.750118,4.735196
137.585034,48.189662,0.953872,2.743704,4.742491
137.722047,48.38329,0.956483,2.73542,4.747938
137.858621,48.577527,0.960041,2.726446,4.755758
137.995263,48.772931,0.96204,2.724093,4.760933
138.133847,48.972438,0.964295,2.712014,4.761064
138.268998,49.167852,0.965707,2.67906,4.715091
138.40132,49.358777,0.966655,2.706525,4.760415
138.536363,49.554997,0.969397,2.697571,4.767593
138.671249,49.75194,0.971312,2.69616,4.778122
138.806044,49.949561,0.973602,2.691688,4.786808
138.940333,50.147332,0.976228,2.657947,4.73489
139.072799,50.345675,0.981505,2.622823,4.793671
139.205851,50.54497,0.984283,2.644351,4.775722
139.33776,50.744105,0.987636,2.633113,4.78149
139.469201,50.944071,0.990872,2.624914,4.790244
139.600191,51.144654,0.99436,2.612774,4.796356
139.730932,51.346444,0.998335,2.600527,4.807313
139.860617,51.548681,1.002796,2.578808,4.800215
139.989345,51.75134,1.007419,2.565827,4.807048
140.117112,51.953424,1.011746,2.536201,4.780599
140.244004,52.157511,1.017045,2.531145,4.812871
140.370235,52.362751,1.022243,2.515225,4.822926
140.495628,52.569059,1.027515,2.498071,4.832017
140.619921,52.775816,1.032848,2.448407,4.789393
140.742225,52.983357,1.039061,2.434826,4.799506
140.864732,53.192156,1.043577,2.42959,4.846274
140.985575,53.400959,1.049253,2.404324,4.825581
141.10521,53.610702,1.055428,2.382034,4.832952
141.22372,53.821334,1.061671,2.356432,4.837306
141.341358,54.033345,1.06762,2.335096,4.840746
141.457467,54.245921,1.073697,2.307706,4.838552
141.572281,54.458823,1.07909,2.285228,4.843114
141.685591,54.671546,1.084739,2.244084,4.779564
141.797955,54.885234,1.09001,2.240771,4.844423
141.909656,55.100516,1.094516,2.225868,4.854227
142.020618,55.316648,1.099098,2.20929,4.861444
142.130402,55.533166,1.104118,2.159609,4.840303
142.238672,55.750553,1.111414,2.119077,4.820759
142.345479,55.965954,1.115513,2.105977,4.774124
142.447442,56.175331,1.120023,1.99349,4.575556
142.545046,56.378264,1.124628,1.914034,4.435379
142.638873,56.575323,1.12827,1.8409,4.297675
142.729364,56.766766,1.132294,1.789955,4.204906
142.816294,56.953082,1.135977,1.703442,4.041448
142.899872,57.134265,1.139394,1.636958,3.919925
142.980237,57.30948,1.142713,1.575726,3.797811
143.057366,57.479391,1.146103,1.482436,3.638548
143.131962,57.643708,1.148157,1.46662,3.575434
143.20399,57.804392,1.150694,1.414481,3.467939
143.274845,57.963505,1.152959,1.36431,3.362083
143.340571,58.111945,1.154983,1.31828,3.263584
143.405369,58.259077,1.156903,1.273468,3.166508
143.467374,58.401644,1.159289,1.214757,3.082733
143.527837,58.540508,1.160775,1.187991,2.981478
143.586347,58.674778,1.16356,1.18287,2.900071
143.642887,58.806141,1.166125,1.123145,2.829756
143.698398,58.935722,1.168203,1.060741,2.711776
143.750528,59.058472,1.170385,1.024848,2.629
143.800836,59.177601,1.172178,0.988975,2.549453
143.849467,59.293496,1.174768,0.956167,2.477875
143.895461,59.403867,1.177312,0.922133,2.40551
143.94071,59.513318,1.180164,0.889235,2.33497
143.984336,59.619684,1.183068,0.856941,2.266581
144.026344,59.72319,1.187169,0.815074,2.187011
144.066609,59.823432,1.190213,0.791377,2.131047
144.10617,59.922771,1.193163,0.761364,2.064632
144.143599,60.01741,1.195228,0.730234,1.987387
144.178621,60.106869,1.200269,0.700355,1.931873
144.212854,60.19543,1.203316,0.6719,1.868598
144.246365,60.282721,1.205315,0.681835,1.908613
144.281158,60.374036,1.208378,0.709806,2.002067
144.316945,60.468601,1.209578,0.730826,2.075219
144.35444,60.568113,1.211603,0.761865,2.163921
144.393142,60.67146,1.213789,0.787026,2.25211
144.433118,60.779043,1.216104,0.812641,2.339846
144.475175,60.893029,1.218597,0.837064,2.426218
144.516726,61.00649,1.220896,0.859284,2.506975
144.560214,61.126131,1.223399,0.880587,2.586498
144.60473,61.249561,1.225925,0.900365,2.663293
144.650907,61.378529,1.227332,0.914312,2.723873
144.696192,61.505918,1.230062,0.934427,2.796168
144.743105,61.638988,1.233069,0.945636,2.835368
144.791289,61.775595,1.236022,0.967243,2.96728
144.83943,61.914712,1.239133,0.965959,2.967871
144.887965,62.056545,1.242909,0.976812,3.032833
144.937011,62.201577,1.246522,0.986077,3.095477
144.986507,62.349731,1.250157,0.99494,3.156939
145.036497,62.501149,1.253692,1.004219,3.220703
145.087004,62.655675,1.25717,1.032436,3.305063
145.138433,62.815589,1.260896,1.013328,3.319794
145.188039,62.971673,1.26508,1.014204,3.370083
145.238791,63.133611,1.268606,1.015722,3.41284
145.289705,63.297606,1.27113,1.02116,3.459518
145.340614,63.463398,1.272197,0.992832,3.449257
145.392045,63.630932,1.274145,1.034245,3.537424
145.44413,63.801298,1.273782,1.048523,3.583188
145.496761,63.973717,1.275701,1.054305,3.624759
145.549487,64.148109,1.278795,1.054686,3.663614
145.60333,64.32783,1.282014,1.050767,3.666493
145.654597,64.502568,1.284367,1.055964,3.739151
145.70732,64.683048,1.287831,1.056542,3.778421
145.761015,64.864978,1.290109,1.059549,3.815271
145.8135,65.048185,1.293935,1.045426,3.82736
145.865555,65.23316,1.298738,1.037625,3.863833
145.917186,65.420174,1.30407,1.0282,3.901434
145.969337,65.613049,1.309382,1.017606,3.938385
146.019031,65.800743,1.314265,1.011176,3.972143
146.069927,65.997165,1.319955,0.993066,3.996715
146.118077,66.187935,1.326427,0.97624,4.031453
146.173213,66.411216,1.330873,0.962586,4.054114
146.213906,66.579706,1.331423,0.95379,4.041116
146.261611,66.777585,1.337387,0.945264,4.085788
146.308517,66.977309,1.342314,0.932689,4.116992
146.354898,67.178609,1.346363,0.922129,4.142753
146.400701,67.381172,1.35047,0.910316,4.164943
146.445916,67.584391,1.351867,0.909846,4.184715
146.491157,67.789408,1.35458,0.903509,4.21143
146.535712,67.995014,1.357009,0.897662,4.208985
146.580215,68.201539,1.359827,0.887398,4.237443
146.624406,68.409365,1.36268,0.880425,4.260911
146.668366,68.618287,1.364365,0.87761,4.28446
146.712349,68.828496,1.365904,0.876305,4.307226
146.756088,69.039988,1.368862,0.868044,4.317908